Mutation,Final_Score,Classification
Ala_1004,1.0068826428503053,Benign
Ala_1006,0.9895641697018586,No Effect
Ala_1009,1.8681701119210323,Benign
Ala_1018,1.7321041727038082,Benign
Ala_1025,2.953163090096727,Benign
Ala_1031,1.6316084358432819,Benign
Ala_1067,1.8315975322881182,Benign
Ala_1081,0.9221968955728386,No Effect
Ala_1136,1.0380907437404594,Benign
Ala_1146,1.4157820525606812,Benign
Ala_120,2.3519116476344886,Benign
Ala_1217,1.74315532563072,Benign
Ala_1225,1.8321959805555394,Benign
Ala_1256,1.8113410400606647,Benign
Ala_1285,2.5748678663459885,Benign
Ala_1364,1.9043638425625615,Benign
Ala_141,1.7774480094804361,Benign
Ala_1440,1.332295959951998,Benign
Ala_1466,1.2346916414499818,Benign
Ala_196,1.9485641390065813,Benign
Ala_198,1.4054058597407444,Benign
Ala_204,1.2138918879415683,Benign
Ala_209,1.2382852403920916,Benign
Ala_221,0.9451175103199723,No Effect
Ala_234,1.3671207797767293,Benign
Ala_252,2.1098746077977557,Benign
Ala_280,1.2910894320201067,Benign
Ala_299,2.1841556260930615,Benign
Ala_300,1.6648665259191469,Benign
Ala_309,1.5108999388347675,Benign
Ala_349,1.4643733474588008,Benign
Ala_399,2.2723983517160735,Benign
Ala_412,1.2346916414499818,Benign
Ala_455,1.3615510465562837,Benign
Ala_46,2.8413997817525924,Benign
Ala_462,3.569946558182278,Intermediate Deleterious
Ala_534,1.7794615543902355,Benign
Ala_559,1.8301321297005877,Benign
Ala_561,6.486722848700838,Deleterious
Ala_566,2.5944003667029323,Benign
Ala_675,1.7157675215453747,Benign
Ala_72,2.764238982222658,Benign
Ala_747,1.945203710513947,Benign
Ala_800,1.2790986457664792,Benign
Ala_876,1.5288293197053546,Benign
Ala_9,2.549136793869739,Benign
Ala_959,2.716882419294086,Benign
Arg_104,1.2505202898088648,Benign
Arg_1066,5.003504309704897,Deleterious
Arg_1070,2.303275097182268,Benign
Arg_1097,1.5105115965192972,Benign
Arg_1102,4.2079954776747694,Intermediate Deleterious
Arg_1158,2.2502218404453322,Benign
Arg_1162,1.9074418305953966,Benign
Arg_117,3.869419291705461,Intermediate Deleterious
Arg_1259,1.415898388847441,Benign
Arg_1283,2.445650118923197,Benign
Arg_1358,1.1717840349761235,Benign
Arg_1385,1.8566769052723098,Benign
Arg_1386,1.180270985383281,Benign
Arg_1403,1.7083787520782059,Benign
Arg_1422,6.632281978222534,Deleterious
Arg_1438,2.1604885042734394,Benign
Arg_1453,2.211645736412934,Benign
Arg_1479,1.2346916414499818,Benign
Arg_153,1.6416040782680503,Benign
Arg_170,3.028892115598078,Intermediate Deleterious
Arg_183,1.6269535129123789,Benign
Arg_21,1.6795841190390361,Benign
Arg_242,1.5454226126085426,Benign
Arg_248,1.4872289489116788,Benign
Arg_258,1.1912228725261214,Benign
Arg_29,3.0598082717179036,Intermediate Deleterious
Arg_297,3.337621229895598,Intermediate Deleterious
Arg_3,1.0117505201509365,Benign
Arg_31,1.2667268980125337,Benign
Arg_334,2.7224572255762847,Benign
Arg_347,3.3041309081976333,Intermediate Deleterious
Arg_352,5.177523272918513,Deleterious
Arg_450,1.9534944983499343,Benign
Arg_487,3.879497284907705,Intermediate Deleterious
Arg_553,4.17615982813551,Intermediate Deleterious
Arg_560,2.445695918203872,Benign
Arg_668,1.5292791199610978,Benign
Arg_709,1.2939009805386457,Benign
Arg_74,6.510962573474448,Deleterious
Arg_75,2.7890509589323784,Benign
Arg_751,1.5603430064376325,Benign
Arg_764,1.6067195343122642,Benign
Arg_765,1.6075057583062797,Benign
Arg_766,1.432316243878193,Benign
Arg_785,1.4641278304185537,Benign
Arg_792,1.3161044826968946,Benign
Arg_810,1.2346916414499818,Benign
Arg_811,1.4641278304185537,Benign
Arg_851,1.1976198439984826,Benign
Asn_1148,2.8627691726016735,Benign
Asn_1184,1.449325495646388,Benign
Asn_1224,3.4127493128616204,Intermediate Deleterious
Asn_1229,2.364153446963915,Benign
Asn_1303,2.1189068852404938,Benign
Asn_1419,1.6398703261635608,Benign
Asn_1432,3.3223716953529565,Intermediate Deleterious
Asn_187,2.6462848563950487,Benign
Asn_287,2.171246211623969,Benign
Asn_306,1.9429257620101077,Benign
Asn_369,1.5317450755531463,Benign
Asn_396,1.2320777676797021,Benign
Asn_416,1.2346916414499818,Benign
Asn_418,1.2346916414499818,Benign
Asn_423,1.2346916414499818,Benign
Asn_48,1.5579747542996056,Benign
Asn_538,2.6804770994247633,Benign
Asn_597,1.5089641039707236,Benign
Asn_635,1.4942435574284296,Benign
Asn_699,1.2346916414499818,Benign
Asn_703,1.2346916414499818,Benign
Asn_801,1.3087033153108116,Benign
Asn_847,1.0934937329385972,Benign
Asn_894,1.2346916414499818,Benign
Asn_901,1.2994854391276975,Benign
Asn_965,3.257842541798733,Intermediate Deleterious
Asp_110,1.919164848802566,Benign
Asp_112,1.4677932005271264,Benign
Asp_1152,1.5278925928942417,Benign
Asp_1154,3.5556664603916186,Intermediate Deleterious
Asp_1168,1.2477513382084644,Benign
Asp_1201,1.427121993488139,Benign
Asp_1270,1.3088307763371951,Benign
Asp_1312,1.2807153298177798,Benign
Asp_1341,2.3845257712121133,Benign
Asp_1370,1.3101213513814018,Benign
Asp_1377,1.444302987910543,Benign
Asp_1394,0.9662348973571482,No Effect
Asp_1445,1.2626406129536156,Benign
Asp_373,1.3258500378094153,Benign
Asp_44,1.2817833712827524,Benign
Asp_443,2.8753061717253154,Benign
Asp_513,1.2012278653805963,Benign
Asp_565,6.725587078968191,Deleterious
Asp_567,1.360958364072189,Benign
Asp_572,4.736640817092507,Intermediate Deleterious
Asp_579,1.1273780797686546,Benign
Asp_58,1.9577293615478164,Benign
Asp_614,2.0142701440148936,Benign
Asp_648,2.9389360537905707,Benign
Asp_651,1.9633328488357347,Benign
Asp_674,1.6935640193871258,Benign
Asp_727,2.1080293930077727,Benign
Asp_806,1.2420928088360645,Benign
Asp_828,1.40491849132989,Benign
Asp_836,1.8785932040392002,Benign
Asp_891,1.2417186104393407,Benign
Asp_924,1.313191381152409,Benign
Asp_979,1.4068511704114344,Benign
Asp_984,1.24393325772442,Benign
Asp_985,1.5482932404951553,Benign
Asp_993,1.3912490173164973,Benign
Cys_1344,2.7501281612777184,Benign
Cys_1355,1.6731021607922973,Benign
Cys_1395,3.01049190063396,Intermediate Deleterious
Cys_1410,5.489081179885891,Deleterious
Cys_187,1.3383079848551431,Benign
Cys_190,1.7897406928765789,Benign
Cys_225,2.372754548923868,Benign
Cys_276,5.2196806212802525,Deleterious
Cys_343,1.795359874876119,Benign
Cys_491,6.288444975369373,Deleterious
Cys_524,6.658564430496636,Deleterious
Cys_592,1.5891175979841985,Benign
Cys_76,8.557750859070783,Very Deleterious
Cys_832,1.4345231608742217,Benign
Cys_866,4.1113014762718505,Intermediate Deleterious
Gln_1039,2.178975933580859,Benign
Gln_1071,1.9435839880628134,Benign
Gln_1100,1.6072694904618248,Benign
Gln_1186,1.3383079848551431,Benign
Gln_1209,4.537075095456703,Intermediate Deleterious
Gln_1238,1.3496677332812839,Benign
Gln_1268,5.103050493301061,Deleterious
Gln_1281,0.9843569255818692,No Effect
Gln_1291,2.851735473211365,Benign
Gln_1309,1.4101197502329443,Benign
Gln_1313,1.2424575581409822,Benign
Gln_1330,1.2690937342875035,Benign
Gln_1352,4.920502294668663,Intermediate Deleterious
Gln_1382,1.7623750955405622,Benign
Gln_1411,3.3531069006516487,Intermediate Deleterious
Gln_151,2.332588978617958,Benign
Gln_179,2.1336777185430487,Benign
Gln_207,1.7256265635927197,Benign
Gln_220,1.243343744139875,Benign
Gln_237,1.4655665973889376,Benign
Gln_290,4.79376895604182,Intermediate Deleterious
Gln_353,2.7580983236590306,Benign
Gln_378,5.687247863582007,Deleterious
Gln_39,2.6849850763854324,Benign
Gln_414,1.2346916414499818,Benign
Gln_452,1.609166867889487,Benign
Gln_493,1.7107864133391883,Benign
Gln_652,2.019810026288171,Benign
Gln_715,1.412319658715973,Benign
Gln_720,1.4715289978046369,Benign
Gln_744,1.5011336673489686,Benign
Gln_767,1.3080710019423987,Benign
Gln_781,1.2420928088360645,Benign
Gln_799,1.5899476759819644,Benign
Gln_890,6.439614492232465,Deleterious
Gln_98,1.5715169713778967,Benign
Glu_1044,2.873103265354536,Benign
Glu_116,5.913154518455067,Deleterious
Glu_1172,1.7047219419689092,Benign
Glu_1228,4.191472229761253,Intermediate Deleterious
Glu_1264,1.2756253031927516,Benign
Glu_1409,1.5862154849082923,Benign
Glu_1433,1.9274354239569877,Benign
Glu_144,6.161629780000614,Deleterious
Glu_185,1.220650792709483,Benign
Glu_193,1.403001990455519,Benign
Glu_217,1.2970876438211334,Benign
Glu_257,1.298098211058448,Benign
Glu_279,2.050982828472271,Benign
Glu_282,1.197850734383743,Benign
Glu_379,1.6497454297190033,Benign
Glu_384,1.5156314628603027,Benign
Glu_407,1.6977684733095102,Benign
Glu_449,1.144905430459617,Benign
Glu_474,3.329879562370351,Intermediate Deleterious
Glu_479,4.201360268723569,Intermediate Deleterious
Glu_527,1.4585586642816606,Benign
Glu_528,4.024745685696426,Intermediate Deleterious
Glu_54,1.090378010262011,Benign
Glu_56,2.5886151390547596,Benign
Glu_583,1.2830990172416512,Benign
Glu_585,4.095301004812251,Intermediate Deleterious
Glu_588,2.241675899088291,Benign
Glu_60,0.9123977222674496,No Effect
Glu_656,2.3083776090413153,Benign
Glu_672,1.686162852001043,Benign
Glu_681,1.3383079848551431,Benign
Glu_695,3.033175316268143,Intermediate Deleterious
Glu_7,2.094835967436784,Benign
Glu_725,1.3975173239438068,Benign
Glu_823,1.2346916414499818,Benign
Glu_826,1.2494939762221475,Benign
Glu_873,1.2780132404945093,Benign
Gly_1003,2.6730886980949196,Benign
Gly_1047,2.259002080366957,Benign
Gly_1061,2.6605799476117458,Benign
Gly_1069,10.0,Very Deleterious
Gly_1130,1.4562241225593644,Benign
Gly_1173,1.6084696447630507,Benign
Gly_1208,1.7636798413419317,Benign
Gly_1223,6.566518994111452,Deleterious
Gly_1237,5.849526990272765,Deleterious
Gly_1241,1.646438360477846,Benign
Gly_1244,3.504312199123207,Intermediate Deleterious
Gly_1249,4.430957312096467,Intermediate Deleterious
Gly_126,3.3418161105700173,Intermediate Deleterious
Gly_134,1.2758706668182915,Benign
Gly_1343,2.507396389128082,Benign
Gly_1349,1.401588407084998,Benign
Gly_149,3.0793935129887884,Intermediate Deleterious
Gly_152,1.2346916414499818,Benign
Gly_178,1.7538692050600357,Benign
Gly_194,1.3550115373627136,Benign
Gly_213,2.4997005343531873,Benign
Gly_226,2.407856776498553,Benign
Gly_239,1.5457685558123555,Benign
Gly_241,3.6621250615898155,Intermediate Deleterious
Gly_253,1.2346916414499818,Benign
Gly_314,3.95784235912996,Intermediate Deleterious
Gly_404,1.3354432923898099,Benign
Gly_406,1.3929889116678194,Benign
Gly_424,1.2346916414499818,Benign
Gly_437,2.8646383020455772,Benign
Gly_451,1.9368816793064747,Benign
Gly_480,1.7132336183005314,Benign
Gly_500,1.7091142817227967,Benign
Gly_542,1.5547331226078707,Benign
Gly_544,3.0317865009270495,Intermediate Deleterious
Gly_551,1.4009180756577804,Benign
Gly_576,1.4332684904005202,Benign
Gly_622,1.7816499307342855,Benign
Gly_628,5.802193651407848,Deleterious
Gly_691,1.2346916414499818,Benign
Gly_723,1.2420928088360645,Benign
Gly_817,1.390116156557724,Benign
Gly_85,3.160898054981667,Intermediate Deleterious
Gly_91,1.9060143553279298,Benign
Gly_921,1.9279033958815772,Benign
Gly_934,1.3675806221041051,Benign
Gly_970,2.157286290347719,Benign
His_1054,1.6200687801077376,Benign
His_1085,1.9295096301657024,Benign
His_1197,3.314419676939297,Intermediate Deleterious
His_1375,1.4789319347413146,Benign
His_139,1.736903281144988,Benign
His_147,2.12610417983687,Benign
His_186,3.600647262765118,Intermediate Deleterious
His_199,4.99242127008107,Intermediate Deleterious
His_484,4.720091551132727,Intermediate Deleterious
His_620,1.6859358475342465,Benign
His_667,2.2782562428876805,Benign
His_775,1.2346916414499818,Benign
His_897,1.2864998131525627,Benign
His_939,2.427320704676594,Benign
His_949,3.226036816360617,Intermediate Deleterious
His_950,2.924252356906856,Benign
His_954,2.1584819898447254,Benign
Ile_1002,6.202005122023634,Deleterious
Ile_1005,6.200767250211197,Deleterious
Ile_1023,1.2526697809293168,Benign
Ile_1027,2.243582653053798,Benign
Ile_105,1.3734030086412121,Benign
Ile_1051,1.3440774650688103,Benign
Ile_1106,2.1937925929180446,Benign
Ile_1109,1.513160746699017,Benign
Ile_1117,1.7875364377384815,Benign
Ile_1131,1.0102819612737657,Benign
Ile_1139,1.2446654128412344,Benign
Ile_1151,2.0701855484523186,Benign
Ile_1167,1.7591819244729536,Benign
Ile_119,3.130795795005177,Intermediate Deleterious
Ile_1203,3.88595065807468,Intermediate Deleterious
Ile_121,7.648666034977465,Very Deleterious
Ile_1226,2.4297207572335324,Benign
Ile_1230,1.2633569400124702,Benign
Ile_1234,1.2604462759803439,Benign
Ile_125,2.1631224734295946,Benign
Ile_1269,3.6941631688075467,Intermediate Deleterious
Ile_1277,1.887543505095834,Benign
Ile_1289,1.7174766780612476,Benign
Ile_132,1.1094175789273661,Benign
Ile_1328,1.1801446478247553,Benign
Ile_1366,1.689441046310828,Benign
Ile_1398,1.1615691525046548,Benign
Ile_1441,1.3204405855567136,Benign
Ile_1464,1.2642963109943137,Benign
Ile_148,1.6432203503001874,Benign
Ile_154,1.8813309370501663,Benign
Ile_160,1.2519271676011874,Benign
Ile_177,1.4003926344282969,Benign
Ile_255,1.3726002868092695,Benign
Ile_269,2.4321010911812992,Benign
Ile_285,2.8687360188684434,Benign
Ile_331,1.280827018238293,Benign
Ile_336,2.1538878326330986,Benign
Ile_340,0.6514854714347642,No Effect
Ile_344,1.3396223445306912,Benign
Ile_37,1.233074262541414,Benign
Ile_371,2.4132442898858955,Benign
Ile_444,2.2426792149513872,Benign
Ile_448,2.2994902068582523,Benign
Ile_471,1.8255123405199616,Benign
Ile_502,1.3402369404612307,Benign
Ile_506,2.0205750285219053,Benign
Ile_507,1.5937353492969597,Benign
Ile_521,3.201219624465996,Intermediate Deleterious
Ile_530,1.346799624251781,Benign
Ile_539,1.5717160382276414,Benign
Ile_546,3.011817570044928,Intermediate Deleterious
Ile_556,2.0744972680637166,Benign
Ile_601,1.3243637175417682,Benign
Ile_616,1.2472219106819602,Benign
Ile_618,2.1246765577737667,Benign
Ile_661,1.6686674250205278,Benign
Ile_705,1.2494939762221475,Benign
Ile_708,1.367912654399475,Benign
Ile_752,1.5085348347350516,Benign
Ile_755,1.371505544577897,Benign
Ile_783,1.2420928088360645,Benign
Ile_807,1.2864998131525627,Benign
Ile_853,1.6521932420403909,Benign
Ile_86,3.015806999250517,Intermediate Deleterious
Ile_907,1.2357813645976454,Benign
Ile_918,0.9330494799756701,No Effect
Ile_980,4.23806142914204,Intermediate Deleterious
Ile_982,1.2280857601395874,Benign
Ile_991,1.1393234343057763,Benign
Ile_995,3.415929051205939,Intermediate Deleterious
Leu_102,4.652198862961475,Intermediate Deleterious
Leu_1029,1.2547013366241264,Benign
Leu_1065,4.541712594234328,Intermediate Deleterious
Leu_1077,1.3165396264619467,Benign
Leu_1091,3.065186466553944,Intermediate Deleterious
Leu_1156,1.4230815876026424,Benign
Leu_1187,1.8341861997227025,Benign
Leu_1227,1.4554424231331868,Benign
Leu_1242,7.112752618235545,Very Deleterious
Leu_1254,2.823633942311237,Benign
Leu_1279,1.8293885296552812,Benign
Leu_130,1.9655541225728164,Benign
Leu_1304,1.0920806208972083,Benign
Leu_1335,1.709550617351728,Benign
Leu_1339,1.856443614052177,Benign
Leu_1346,1.3905023593336496,Benign
Leu_1361,1.1967701558826886,Benign
Leu_1369,4.614226660003943,Intermediate Deleterious
Leu_138,1.434939787148555,Benign
Leu_1431,3.224377643301741,Intermediate Deleterious
Leu_1436,2.129758346924615,Benign
Leu_1480,1.2642963109943137,Benign
Leu_15,1.5430627252741953,Benign
Leu_159,0.9406463477781001,No Effect
Leu_172,2.5416773202721576,Benign
Leu_180,2.385499866489142,Benign
Leu_183,1.5524345112680704,Benign
Leu_188,4.765599976832052,Intermediate Deleterious
Leu_206,2.5614933647605964,Benign
Leu_210,1.3697198822551007,Benign
Leu_214,1.2653987977141008,Benign
Leu_233,1.2430873310704116,Benign
Leu_24,1.717929489103314,Benign
Leu_259,4.023835020509201,Intermediate Deleterious
Leu_293,2.0683611464494382,Benign
Leu_32,2.012102706800542,Benign
Leu_320,1.2915634958679314,Benign
Leu_327,6.448592310582272,Deleterious
Leu_333,3.8790835051578783,Intermediate Deleterious
Leu_375,1.8169202715462336,Benign
Leu_387,1.2898324512749026,Benign
Leu_428,1.2346916414499818,Benign
Leu_435,1.6713605172288768,Benign
Leu_441,1.6372901451972068,Benign
Leu_467,6.412696082665784,Deleterious
Leu_49,1.5085646177761256,Benign
Leu_548,3.046897968207232,Intermediate Deleterious
Leu_558,1.8921436583641524,Benign
Leu_6,6.686203993013483,Deleterious
Leu_610,2.4925304810969644,Benign
Leu_617,1.56417965471484,Benign
Leu_633,1.3629292387298748,Benign
Leu_636,1.453762025033877,Benign
Leu_73,6.300133965311367,Deleterious
Leu_796,1.2346916414499818,Benign
Leu_802,1.3235056500829772,Benign
Leu_859,3.163646248799752,Intermediate Deleterious
Leu_88,6.314953133330695,Deleterious
Leu_889,2.805360843471264,Benign
Leu_926,5.066201832089402,Deleterious
Leu_948,2.6686026291389355,Benign
Leu_964,4.110396642918688,Intermediate Deleterious
Leu_967,1.9396481709659208,Benign
Leu_986,3.0845251755313265,Intermediate Deleterious
Leu_997,1.5323844361018866,Benign
Lys_1041,5.434458817257147,Deleterious
Lys_1080,1.2883407088088794,Benign
Lys_1165,4.738559361294426,Intermediate Deleterious
Lys_1174,2.280963699566402,Benign
Lys_1177,4.200614328251483,Intermediate Deleterious
Lys_1183,1.40491849132989,Benign
Lys_1199,1.382714989171641,Benign
Lys_1200,1.2346916414499818,Benign
Lys_1351,0.7183440404177527,No Effect
Lys_1363,1.3976920588210782,Benign
Lys_14,1.8703965445316055,Benign
Lys_1457,1.7463960157709968,Benign
Lys_1461,1.2716974783803967,Benign
Lys_26,2.9882403874451247,Benign
Lys_273,3.553503004747588,Intermediate Deleterious
Lys_283,2.0959296269404555,Benign
Lys_370,2.359243166842254,Benign
Lys_411,1.412319658715973,Benign
Lys_447,3.8251228388753384,Intermediate Deleterious
Lys_52,1.5753533354912377,Benign
Lys_532,1.390702368023102,Benign
Lys_536,0.9199866143836489,No Effect
Lys_564,1.9645079321517023,Benign
Lys_64,1.6887521497977607,Benign
Lys_65,2.035853151514139,Benign
Lys_68,5.539982116953329,Deleterious
Lys_684,1.67876168461496,Benign
Lys_688,1.2494939762221475,Benign
Lys_786,1.5529418390515493,Benign
Lys_857,3.156839529050865,Intermediate Deleterious
Lys_946,2.942898873277781,Benign
Lys_951,0.9876564747637345,No Effect
Lys_978,2.2738542461521267,Benign
Met_1,1.7527733584757899,Benign
Met_1028,1.0955053097364134,Benign
Met_1101,3.5082992424657693,Intermediate Deleterious
Met_1137,1.402623084648849,Benign
Met_1140,1.2503372227530236,Benign
Met_1157,3.718213241855737,Intermediate Deleterious
Met_1191,2.5002912644701696,Benign
Met_1210,2.729917413102349,Benign
Met_1354,2.7498166212409987,Benign
Met_142,3.6656103388611627,Intermediate Deleterious
Met_150,4.908319183595981,Intermediate Deleterious
Met_152,2.9821637734673145,Benign
Met_156,3.6001761173977287,Intermediate Deleterious
Met_212,1.352383481017839,Benign
Met_243,1.3086779392724999,Benign
Met_244,2.1365305069105784,Benign
Met_265,4.637585796385276,Intermediate Deleterious
Met_281,1.2549502457496418,Benign
Met_348,3.9583925477218127,Intermediate Deleterious
Met_394,1.8751520351056299,Benign
Met_469,1.8067644134343,Benign
Met_498,1.2700718724722495,Benign
Met_595,2.433870503659679,Benign
Met_645,2.1353524270555706,Benign
Met_837,3.3736290160279605,Intermediate Deleterious
Met_952,1.2153968070392078,Benign
Met_961,1.7238891991835024,Benign
Phe_1016,1.3278003988368479,Benign
Phe_1052,1.4157011475839214,Benign
Phe_1074,0.9507245152353,No Effect
Phe_1090,2.2819421552975645,Benign
Phe_1099,2.3857895724858267,Benign
Phe_1111,4.447071155722651,Intermediate Deleterious
Phe_1116,1.461446683748695,Benign
Phe_1257,3.6042925899684635,Intermediate Deleterious
Phe_1300,2.7925779383898814,Benign
Phe_131,1.6592277944679505,Benign
Phe_1331,1.5226984498439697,Benign
Phe_1337,2.192358681123096,Benign
Phe_1392,2.828899766970446,Benign
Phe_1413,4.147105310994924,Intermediate Deleterious
Phe_1450,1.8031365573428524,Benign
Phe_17,1.7097701936403786,Benign
Phe_191,1.2426843833558816,Benign
Phe_200,2.0352019081295096,Benign
Phe_224,3.2020971447609363,Intermediate Deleterious
Phe_229,1.9112374318720304,Benign
Phe_236,1.6549899020599634,Benign
Phe_305,0.9075922922533487,No Effect
Phe_310,4.2473568584957295,Intermediate Deleterious
Phe_315,1.873171821318824,Benign
Phe_316,3.665347343617256,Intermediate Deleterious
Phe_337,2.2592423314752743,Benign
Phe_400,2.552073108799047,Benign
Phe_409,2.156580182475292,Benign
Phe_490,1.588372521992081,Benign
Phe_508,3.699874857192875,Intermediate Deleterious
Phe_575,5.002055505761104,Deleterious
Phe_587,1.5745705202166107,Benign
Phe_626,5.2719204785923335,Deleterious
Phe_650,2.205471170939965,Benign
Phe_653,2.2530575824541197,Benign
Phe_693,1.375313821785558,Benign
Phe_78,2.4063169287236534,Benign
Phe_81,1.2239590599223278,Benign
Phe_83,1.452071504672554,Benign
Phe_834,1.2346916414499818,Benign
Phe_87,1.2459214081628631,Benign
Phe_976,1.7263451718214546,Benign
Phe_992,1.7610788323376545,Benign
Phe_994,1.3968051610009962,Benign
Pro_1013,3.598142295335398,Intermediate Deleterious
Pro_1021,2.05358422169964,Benign
Pro_1050,1.2991066816832366,Benign
Pro_111,2.3517379432997734,Benign
Pro_1181,1.2346916414499818,Benign
Pro_1290,3.4544286505727917,Intermediate Deleterious
Pro_1306,0.7343670867260045,No Effect
Pro_1372,1.997812933691577,Benign
Pro_1378,1.7215195778996923,Benign
Pro_140,1.171113965153909,Benign
Pro_1443,1.3597588969948933,Benign
Pro_205,1.2379686906164755,Benign
Pro_355,1.766389230848289,Benign
Pro_439,1.9764125495487166,Benign
Pro_477,1.279568346454416,Benign
Pro_499,1.324661201802095,Benign
Pro_5,1.4866410457146249,Benign
Pro_574,2.162515314130461,Benign
Pro_638,1.4347802951181399,Benign
Pro_67,1.5443578886555374,Benign
Pro_676,3.366227848641877,Intermediate Deleterious
Pro_704,1.2346916414499818,Benign
Pro_718,1.4567266630324707,Benign
Pro_731,1.2420928088360645,Benign
Pro_740,1.5677441738237154,Benign
Pro_750,1.2346916414499818,Benign
Pro_798,1.3013021479247282,Benign
Pro_888,5.076814301001099,Deleterious
Pro_936,2.822412023437261,Benign
Pro_960,1.1718367267739616,Benign
Pro_99,2.0895290745277015,Benign
Ser_10,0.6591733838553036,No Effect
Ser_1049,3.5728105209897496,Intermediate Deleterious
Ser_1118,1.7033142791971305,Benign
Ser_1159,1.322525613888664,Benign
Ser_118,5.8635226563378415,Deleterious
Ser_1188,1.2346916414499818,Benign
Ser_1235,6.516787771754201,Deleterious
Ser_1248,1.3743038905606202,Benign
Ser_1251,1.5880824218941663,Benign
Ser_1255,1.8251167390957044,Benign
Ser_1311,1.7255301444116742,Benign
Ser_1347,1.359348976075867,Benign
Ser_1359,1.5640958851113589,Benign
Ser_1362,1.1917506574120091,Benign
Ser_138,1.5159360021211346,Benign
Ser_1426,2.6388227731679876,Benign
Ser_1442,1.3746931971391554,Benign
Ser_1444,1.3282795940759209,Benign
Ser_1455,1.2346916414499818,Benign
Ser_158,1.1395573620663515,Benign
Ser_176,1.4409772841111823,Benign
Ser_18,1.1414946528664063,Benign
Ser_256,1.1992995258092582,Benign
Ser_321,1.9937038840434465,Benign
Ser_35,1.3239922339181731,Benign
Ser_4,3.560983704262507,Intermediate Deleterious
Ser_42,2.652728048653383,Benign
Ser_431,1.2346916414499818,Benign
Ser_459,1.4470712902949239,Benign
Ser_466,3.5103517464554344,Intermediate Deleterious
Ser_485,3.253055813590891,Intermediate Deleterious
Ser_492,1.6924895158123783,Benign
Ser_495,1.2305556045746735,Benign
Ser_519,1.2772142011004248,Benign
Ser_549,1.803460239606807,Benign
Ser_557,1.8188786337594811,Benign
Ser_573,5.473489926883155,Deleterious
Ser_589,1.6533255115259404,Benign
Ser_605,2.430386173268206,Benign
Ser_641,1.6145114417533013,Benign
Ser_654,1.2346916414499818,Benign
Ser_686,1.2346916414499818,Benign
Ser_707,2.1154305603938552,Benign
Ser_737,1.2346916414499818,Benign
Ser_753,1.2346916414499818,Benign
Ser_756,1.2346916414499818,Benign
Ser_768,1.2546882266122015,Benign
Ser_776,1.2346916414499818,Benign
Ser_821,1.2346916414499818,Benign
Ser_877,1.1597486448390755,Benign
Ser_895,1.2346916414499818,Benign
Ser_898,1.2346916414499818,Benign
Ser_911,1.3670366386057493,Benign
Ser_912,1.2777323457976097,Benign
Ser_945,1.4128798159136324,Benign
Ser_977,3.2319238964359287,Intermediate Deleterious
Ter_1481,1.2346916414499818,Benign
Thr_1036,1.341213793032435,Benign
Thr_1053,1.0502044843892837,Benign
Thr_1057,1.201199777964325,Benign
Thr_1086,1.5177437344314646,Benign
Thr_1171,1.115238183504518,Benign
Thr_1216,1.2140478973235447,Benign
Thr_1220,2.4211452369920328,Benign
Thr_1246,1.2968819583819986,Benign
Thr_1263,1.2335769812868382,Benign
Thr_1299,1.8467426714965731,Benign
Thr_135,1.343198277286579,Benign
Thr_1380,1.329132972666054,Benign
Thr_1396,2.3802048850527893,Benign
Thr_1478,1.2494939762221475,Benign
Thr_164,0.5717374983623178,No Effect
Thr_20,1.6147709502019612,Benign
Thr_291,2.0518232578090236,Benign
Thr_338,1.3249736187659187,Benign
Thr_351,1.7172241713634429,Benign
Thr_360,1.3800533572061635,Benign
Thr_382,1.6270657491332856,Benign
Thr_388,1.5392427191193427,Benign
Thr_389,1.2585639116351803,Benign
Thr_390,1.7191354441371873,Benign
Thr_438,1.3254069168129918,Benign
Thr_465,1.9876397731001816,Benign
Thr_547,1.5646002123034064,Benign
Thr_582,0.9293795054577461,No Effect
Thr_599,0.8776417363052391,No Effect
Thr_629,1.0752819190344705,Benign
Thr_690,1.2346916414499818,Benign
Thr_757,1.2346916414499818,Benign
Thr_760,1.3064963983147824,Benign
Thr_854,1.4990516783944974,Benign
Thr_887,1.1345614760045768,Benign
Thr_896,1.2346916414499818,Benign
Thr_908,1.2421579780048628,Benign
Thr_910,1.358541641007358,Benign
Thr_925,1.4964124768362859,Benign
Thr_94,3.3430789479053886,Intermediate Deleterious
Thr_990,2.639953394552925,Benign
Trp_1089,1.299605609433347,Benign
Trp_1098,2.0113758898156684,Benign
Trp_1282,1.3253199938426852,Benign
Trp_1310,1.3371059374380703,Benign
Trp_216,3.236314284061426,Intermediate Deleterious
Trp_361,5.110430308646028,Deleterious
Trp_401,1.828423056654411,Benign
Trp_57,5.88682912816092,Deleterious
Trp_79,2.52807558901875,Benign
Tyr_1014,1.4906049636479914,Benign
Tyr_1032,1.5444318630761875,Benign
Tyr_109,1.1196501733251412,Benign
Tyr_1092,1.1133603876370561,Benign
Tyr_1182,1.2346916414499818,Benign
Tyr_1219,4.856249598445513,Intermediate Deleterious
Tyr_122,1.6924521223301636,Benign
Tyr_1307,2.6901440363161355,Benign
Tyr_1381,1.2612352507625721,Benign
Tyr_155,1.8696230945365508,Benign
Tyr_161,1.6999005505973808,Benign
Tyr_28,4.454077634937791,Intermediate Deleterious
Tyr_301,2.2989251362771794,Benign
Tyr_325,1.8152214102199447,Benign
Tyr_38,3.565472897444288,Intermediate Deleterious
Tyr_380,1.4806083332287927,Benign
Tyr_515,3.263213510663405,Intermediate Deleterious
Tyr_563,1.525777467828822,Benign
Tyr_569,2.1394686188561947,Benign
Tyr_577,1.1905950511379086,Benign
Tyr_625,1.9423944986082,Benign
Tyr_627,3.4342004971142206,Intermediate Deleterious
Tyr_84,1.2527357237469896,Benign
Tyr_849,4.5016373835187675,Intermediate Deleterious
Tyr_89,1.162705335576925,Benign
Tyr_903,1.3643406378283927,Benign
Tyr_913,1.341932977848204,Benign
Tyr_919,1.2784974679138614,Benign
Val_1001,3.720986838108205,Intermediate Deleterious
Val_1008,1.774809660754371,Benign
Val_1022,1.4636094296523443,Benign
Val_11,1.69172807209618,Benign
Val_1108,3.054756770083885,Intermediate Deleterious
Val_1114,1.4895743272954733,Benign
Val_1147,2.4681591378815146,Benign
Val_1153,1.6570780754632985,Benign
Val_1163,1.7922734758716734,Benign
Val_1198,1.5825465085958814,Benign
Val_12,1.2631024791086307,Benign
Val_1240,1.208038971048898,Benign
Val_1272,1.5204169513793995,Benign
Val_1288,2.300069201883986,Benign
Val_1293,1.3417504671066414,Benign
Val_1318,2.0702214922618003,Benign
Val_1322,2.6449786290311468,Benign
Val_1327,4.007712532161314,Intermediate Deleterious
Val_1379,1.746028898668504,Benign
Val_1415,1.3680993154996977,Benign
Val_1421,1.448892990069171,Benign
Val_1475,1.2346916414499818,Benign
Val_171,1.8340143643711146,Benign
Val_201,1.465811563637954,Benign
Val_208,1.1996119563063863,Benign
Val_232,0.9601007481010855,No Effect
Val_260,1.6884033484727472,Benign
Val_272,1.0951538477591247,Benign
Val_317,1.2251488000154132,Benign
Val_322,2.706245271352692,Benign
Val_43,2.149200711526766,Benign
Val_440,1.1336037501651832,Benign
Val_456,1.262491385131064,Benign
Val_470,3.5545153983028004,Intermediate Deleterious
Val_510,1.3041916454541955,Benign
Val_520,4.411826533553641,Intermediate Deleterious
Val_540,1.8444439551817542,Benign
Val_562,1.6274174069356153,Benign
Val_603,3.351696552262611,Intermediate Deleterious
Val_714,1.2494939762221475,Benign
Val_754,1.4767232481946908,Benign
Val_769,1.8554139734661312,Benign
Val_794,1.3013021479247282,Benign
Val_855,1.3256568789899992,Benign
Val_862,1.9262473245972875,Benign
Val_874,1.797988948401628,Benign
Val_905,1.6734747459131325,Benign
Val_915,1.3362626594113691,Benign
Val_920,4.859854737761244,Intermediate Deleterious
Val_922,1.1166704747489533,Benign
Val_938,3.787053285885812,Intermediate Deleterious
Val_944,1.223673723579155,Benign
Val_97,,No Effect
