Mutation,Clash_Score
Ala_1004,0.0
Ala_1006,0.0
Ala_1009,0.028794608669015165
Ala_1018,0.010721396844846073
Ala_1025,0.0
Ala_1031,0.0
Ala_1067,0.036912237708684334
Ala_1081,0.0
Ala_1136,0.016541583703476796
Ala_1146,0.028488283044876706
Ala_120,0.4778679736559963
Ala_1217,0.27354878235564406
Ala_1225,0.04748047174146118
Ala_1256,0.03507428396385358
Ala_1285,0.04977791392249961
Ala_1364,0.2674222698728749
Ala_141,0.032317353346607444
Ala_1440,0.022361770562107523
Ala_1466,0.0
Ala_196,0.05774238015009956
Ala_198,0.05299433297595344
Ala_204,0.010721396844846073
Ala_209,0.0
Ala_221,0.0076581406034614795
Ala_234,0.0
Ala_252,0.8189615561341707
Ala_280,0.011640373717261447
Ala_299,0.013172001837953744
Ala_300,0.0
Ala_309,0.0
Ala_349,0.005513861234492265
Ala_399,0.2680349211211518
Ala_412,0.0
Ala_455,0.050850053606984226
Ala_46,0.5048246285801807
Ala_462,0.7848062490427323
Ala_534,0.0
Ala_559,0.03369581865523051
Ala_561,0.22024812375555217
Ala_566,0.2557818961556134
Ala_675,0.0
Ala_72,0.023587073058661357
Ala_747,0.0
Ala_800,0.0
Ala_876,0.0030632562413845914
Ala_9,0.7446775922805943
Ala_959,0.2805942717108286
Arg_104,0.0
Arg_1066,2.1946699341399905
Arg_1070,0.46867820493184253
Arg_1097,0.23587073058661356
Arg_1102,1.6533925562873333
Arg_1158,0.32317353346607447
Arg_1162,1.1644968601623524
Arg_117,0.9658446929085618
Arg_1259,0.006126512482769183
Arg_1283,1.1655689998468373
Arg_1358,0.0
Arg_1385,0.0
Arg_1386,0.0
Arg_1403,0.02986674835349977
Arg_1422,3.964619390412008
Arg_1438,0.4487670393628427
Arg_1453,0.0
Arg_1479,0.0
Arg_153,0.3207229284729668
Arg_170,1.22070761219176
Arg_183,0.0
Arg_21,0.015928932455199878
Arg_242,0.004594884362076888
Arg_248,0.0030632562413845914
Arg_258,0.0
Arg_29,0.004594884362076888
Arg_297,0.22974421810384438
Arg_3,0.004594884362076888
Arg_31,0.0
Arg_334,0.5066625823250115
Arg_347,1.514473885740542
Arg_352,2.6553836728442337
Arg_450,0.3077040894470823
Arg_487,1.5820186858630725
Arg_553,1.3891867054679126
Arg_560,0.006126512482769183
Arg_668,0.0
Arg_709,0.0
Arg_74,3.6915300964925715
Arg_75,0.23127584622453667
Arg_751,0.0
Arg_764,0.012253024965538366
Arg_765,0.021442793689692145
Arg_766,0.0
Arg_785,0.0
Arg_792,0.0
Arg_810,0.0
Arg_811,0.0
Arg_851,0.008577117475876857
Asn_1148,0.9404196661050697
Asn_1184,0.0
Asn_1224,3.014244141522439
Asn_1229,0.0030632562413845914
Asn_1303,0.19298514320722931
Asn_1419,0.006126512482769183
Asn_1432,0.4700566702404656
Asn_187,0.3253178128350437
Asn_287,0.24046561494869045
Asn_306,0.0015316281206922957
Asn_369,0.0
Asn_396,0.004594884362076888
Asn_416,0.0
Asn_418,0.0
Asn_423,0.0
Asn_48,0.0030632562413845914
Asn_538,0.26420585081942105
Asn_597,0.005360698422423036
Asn_635,0.0015316281206922957
Asn_699,0.0
Asn_703,0.0
Asn_801,0.0
Asn_847,0.0
Asn_894,0.0
Asn_901,0.0
Asn_965,0.9794761831827232
Asp_110,0.12498085464849135
Asp_112,0.0
Asp_1152,0.012253024965538366
Asp_1154,1.246745290243529
Asp_1168,0.0
Asp_1201,0.0
Asp_1270,0.4895083473732578
Asp_1312,0.0
Asp_1341,0.0
Asp_1370,0.0
Asp_1377,0.2444478480624904
Asp_1394,0.0
Asp_1445,0.0
Asp_373,0.002297442181038444
Asp_44,0.041047633634553535
Asp_443,0.47020983305253483
Asp_513,0.0
Asp_565,4.292847296676367
Asp_567,0.01133404809312299
Asp_572,1.4607137387042426
Asp_579,0.0
Asp_58,0.014397304334507584
Asp_614,0.0
Asp_648,0.0
Asp_651,0.22974421810384438
Asp_674,0.0
Asp_727,0.0
Asp_806,0.0
Asp_828,0.0
Asp_836,0.0
Asp_891,0.0
Asp_924,0.007045489355184561
Asp_979,0.0
Asp_984,0.018379537448307552
Asp_985,0.23127584622453667
Asp_993,0.0
Cys_1344,0.22974421810384438
Cys_1355,0.0
Cys_1395,0.7462092204012866
Cys_1410,1.8431612804411088
Cys_187,0.0
Cys_190,0.0
Cys_225,0.11334048093122989
Cys_276,2.5769643130647877
Cys_343,0.41599019758002753
Cys_491,4.994792464389646
Cys_524,5.6144892020217485
Cys_592,0.20094960943482923
Cys_76,8.27063868892633
Cys_832,0.0
Cys_866,0.7128197273701944
Gln_1039,0.024199724306938276
Gln_1071,0.3017307397763823
Gln_1100,0.8060958799203554
Gln_1186,0.0
Gln_1209,1.0718333588604687
Gln_1238,0.1252871802726298
Gln_1268,3.138918670546791
Gln_1281,0.0
Gln_1291,2.4607137387042424
Gln_1309,0.0
Gln_1313,0.0
Gln_1330,0.037371726144892016
Gln_1352,2.6028488283044875
Gln_1382,0.009189768724153776
Gln_1411,1.4268647572369426
Gln_151,0.03538060958799204
Gln_179,0.04901209986215346
Gln_207,0.3266962781436667
Gln_220,0.010721396844846073
Gln_237,0.012253024965538366
Gln_290,2.306478786950528
Gln_353,0.15438811456578344
Gln_378,2.569765660897534
Gln_39,0.13738704242609895
Gln_414,0.0
Gln_452,0.31827232347985907
Gln_493,0.2256088221779752
Gln_652,0.22974421810384438
Gln_715,0.0
Gln_720,0.0
Gln_744,0.0
Gln_767,0.04901209986215346
Gln_781,0.0
Gln_799,0.0
Gln_890,6.203093888803799
Gln_98,0.2839638535763517
Glu_1044,1.7382447541736867
Glu_116,3.4767958339715115
Glu_1172,0.10231275846224536
Glu_1228,2.0722928472966764
Glu_1264,0.0
Glu_1409,0.11548476030019912
Glu_1433,0.012253024965538366
Glu_144,3.1698575585847752
Glu_185,0.025118701179353654
Glu_193,0.0
Glu_217,0.0
Glu_257,0.0
Glu_279,0.0
Glu_282,0.014703629958646044
Glu_379,0.015009955582784501
Glu_384,0.0
Glu_407,0.0
Glu_449,0.0
Glu_474,0.5492418440802573
Glu_479,1.8701179353652932
Glu_527,0.0
Glu_528,2.1128809924950223
Glu_54,0.0
Glu_56,0.7970592740082707
Glu_583,0.0
Glu_585,1.4219635472507275
Glu_588,0.23893398682799816
Glu_60,0.052075356103538056
Glu_656,0.0
Glu_672,0.0
Glu_681,0.0
Glu_695,0.0
Glu_7,0.7122070761219177
Glu_725,0.0
Glu_823,0.0
Glu_826,0.0
Glu_873,0.0012253024965538366
Gly_1003,0.390258845152397
Gly_1047,0.09710522285189156
Gly_1061,1.0039822331138
Gly_1069,10.0
Gly_1130,0.04012865676213815
Gly_1173,0.0
Gly_1208,0.10997089906570684
Gly_1223,1.5276458875784962
Gly_1237,3.2432225455659363
Gly_1241,0.1749119313830602
Gly_1244,0.9552764588757849
Gly_1249,3.64818502067698
Gly_126,1.3876550773472203
Gly_134,0.0
Gly_1343,0.036146423648338186
Gly_1349,0.07780670853116863
Gly_149,0.6233726451217645
Gly_152,0.0
Gly_178,0.5844692908561802
Gly_194,0.05697656608975341
Gly_213,0.5863072446010109
Gly_226,0.40006126512482776
Gly_239,0.009955582784499924
Gly_241,1.752642058508194
Gly_253,0.0
Gly_314,0.9165262674222698
Gly_404,0.056670240465614946
Gly_406,0.08730280287946088
Gly_424,0.0
Gly_437,0.1072139684484607
Gly_451,0.08653698881911473
Gly_480,0.16970439577270638
Gly_500,0.17828151324858324
Gly_542,0.006126512482769183
Gly_544,0.007045489355184561
Gly_551,0.15346913769336806
Gly_576,0.041047633634553535
Gly_622,0.10277224689845305
Gly_628,4.407106754480012
Gly_691,0.0
Gly_723,0.0
Gly_817,0.0
Gly_85,1.0718333588604687
Gly_91,0.7512635931995713
Gly_921,0.4178281513248583
Gly_934,0.09741154847603002
Gly_970,0.47894011334048087
His_1054,0.0030632562413845914
His_1085,1.0108745596569153
His_1197,0.0
His_1375,0.02205544493796906
His_139,1.206310307857252
His_147,0.07688773165875326
His_186,0.693061724613264
His_199,2.172001837953745
His_484,1.5261142594578037
His_620,0.03522744677592281
His_667,0.0
His_775,0.0
His_897,0.0
His_939,0.04472354112421504
His_949,0.8218716495634859
His_950,1.2159595650176138
His_954,0.11793536529330678
Ile_1002,2.545565936590596
Ile_1005,3.7848062490427328
Ile_1023,0.0
Ile_1027,0.002297442181038444
Ile_105,0.22974421810384438
Ile_1051,0.22974421810384438
Ile_1106,0.0
Ile_1109,0.0012253024965538366
Ile_1117,0.0
Ile_1131,0.23587073058661356
Ile_1139,0.0076581406034614795
Ile_1151,0.22974421810384438
Ile_1167,0.6945933527339563
Ile_119,0.0
Ile_1203,1.6082095267269105
Ile_121,5.363149027416143
Ile_1226,0.23357328840557512
Ile_1230,0.0015316281206922957
Ile_1234,0.0030632562413845914
Ile_125,0.002297442181038444
Ile_1269,1.4146117322714045
Ile_1277,0.004594884362076888
Ile_1289,0.0030632562413845914
Ile_132,0.23204166028488282
Ile_1328,0.0
Ile_1366,0.8718027262980549
Ile_1398,0.0
Ile_1441,0.002297442181038444
Ile_1464,0.0
Ile_148,0.0
Ile_154,0.002297442181038444
Ile_160,0.0030632562413845914
Ile_177,0.07382447541736867
Ile_255,0.026037678051769028
Ile_269,0.476948996783581
Ile_285,0.406953591667943
Ile_331,0.060039822331138006
Ile_336,0.2490427324245673
Ile_340,0.002297442181038444
Ile_344,0.23433910246592127
Ile_37,0.0
Ile_371,0.048093122989738085
Ile_444,0.0
Ile_448,0.238168172767652
Ile_471,0.0038290703017307397
Ile_502,0.6892326543115332
Ile_506,0.0038290703017307397
Ile_507,0.7053147495788024
Ile_521,0.28319803951600553
Ile_530,0.03308316740695359
Ile_539,0.0
Ile_546,0.5441874712819728
Ile_556,0.4617858783887272
Ile_601,0.23127584622453667
Ile_616,0.0
Ile_618,0.0
Ile_661,0.0
Ile_705,0.0
Ile_708,0.0
Ile_752,0.0
Ile_755,0.009189768724153776
Ile_783,0.0
Ile_807,0.0
Ile_853,0.002297442181038444
Ile_86,0.7145045183029561
Ile_907,0.0
Ile_918,0.002297442181038444
Ile_980,1.7696431306478786
Ile_982,0.002297442181038444
Ile_991,0.0
Ile_995,0.9281666411395313
Leu_102,0.8932455199877469
Leu_1029,0.005360698422423036
Leu_1065,2.3501301883902586
Leu_1077,0.1453515086536989
Leu_1091,0.8782355644049624
Leu_1156,0.10660131720018379
Leu_1187,0.0
Leu_1227,0.010721396844846073
Leu_1242,5.248736406800429
Leu_1254,0.16005513861234494
Leu_1279,0.28702710981773627
Leu_130,0.0015316281206922957
Leu_1304,0.016847909327615256
Leu_1335,0.2717108286108133
Leu_1339,0.0824015928932455
Leu_1346,0.04778679736559963
Leu_1361,0.031245213662122837
Leu_1369,1.2479705927400826
Leu_138,0.5648644509113188
Leu_1431,0.37019451677132786
Leu_1436,0.1118088528105376
Leu_1480,0.0
Leu_15,0.0952672691070608
Leu_159,0.0
Leu_172,0.004594884362076888
Leu_180,0.014703629958646044
Leu_183,0.012253024965538366
Leu_188,2.3584009802419974
Leu_206,0.2769183642211671
Leu_210,0.015316281206922959
Leu_214,0.03354265584316128
Leu_233,0.0
Leu_24,0.7298207995098791
Leu_259,1.7795987134323787
Leu_293,0.03951600551386124
Leu_32,0.023893398682799816
Leu_320,0.004748047174146117
Leu_327,3.7007198652167252
Leu_333,1.5812528718027263
Leu_375,0.0824015928932455
Leu_387,0.0
Leu_428,0.0
Leu_435,0.0
Leu_441,0.9470056670240465
Leu_467,3.325164650022974
Leu_49,0.7563179659978557
Leu_548,0.5308623066319497
Leu_558,0.0
Leu_6,3.531168632256088
Leu_610,0.03844386582937663
Leu_617,0.1863991422882524
Leu_633,0.052075356103538056
Leu_636,0.1076734568846684
Leu_73,5.0410476336345535
Leu_796,0.0
Leu_802,0.0
Leu_859,0.5996324092510339
Leu_88,5.338796140297135
Leu_889,1.6082095267269105
Leu_926,2.459028947771481
Leu_948,0.742533312911625
Leu_964,0.5907489661510186
Leu_967,0.0
Leu_986,0.9695206003982233
Leu_997,0.27553989891254405
Lys_1041,2.834737325777301
Lys_1080,0.006126512482769183
Lys_1165,2.1151784346760607
Lys_1174,0.22974421810384438
Lys_1177,0.7512635931995713
Lys_1183,0.0
Lys_1199,0.0
Lys_1200,0.0
Lys_1351,0.0015316281206922957
Lys_1363,0.6961249808546486
Lys_14,0.23740235870730586
Lys_1457,0.0
Lys_1461,0.0
Lys_26,0.015316281206922959
Lys_273,0.9350589676826466
Lys_283,0.2458263133711135
Lys_370,0.0015316281206922957
Lys_411,0.0
Lys_447,1.0410476336345533
Lys_52,0.005360698422423036
Lys_532,0.0
Lys_536,0.04441721550007659
Lys_564,0.33236330219022825
Lys_64,0.020830142441415223
Lys_65,0.027569306172461325
Lys_68,2.3423188849747283
Lys_684,0.0
Lys_688,0.0
Lys_786,0.0
Lys_857,0.4663807627508041
Lys_946,0.08270791851738399
Lys_951,0.004594884362076888
Lys_978,0.24827691836422122
Met_1,0.0
Met_1028,0.0038290703017307397
Met_1101,1.2763057129728903
Met_1137,0.030019911165569003
Met_1140,0.03492112115178435
Met_1157,0.09404196661050697
Met_1191,0.0
Met_1210,0.7396232194823096
Met_1354,0.23204166028488282
Met_142,0.6968907949149947
Met_150,2.576198499004442
Met_152,0.5421963547250728
Met_156,0.7053147495788024
Met_212,0.0
Met_243,0.0012253024965538366
Met_244,0.25363761678664426
Met_265,1.3440036759074898
Met_281,0.032470516158676674
Met_348,1.1962015622606832
Met_394,0.46561494869045794
Met_469,0.26114259457803646
Met_498,0.05360698422423035
Met_595,1.1632715576657988
Met_645,0.0
Met_837,0.0
Met_952,0.0
Met_961,0.0030632562413845914
Phe_1016,0.014703629958646044
Phe_1052,0.46867820493184253
Phe_1074,0.2779905039056517
Phe_1090,0.28855873793842857
Phe_1099,0.22759993873487522
Phe_1111,1.4846071373870422
Phe_1116,0.0
Phe_1257,1.236023893398683
Phe_1300,1.6177056210752028
Phe_131,0.03369581865523051
Phe_1331,0.009189768724153776
Phe_1337,0.49762597641292694
Phe_1392,0.03507428396385358
Phe_1413,2.087915454127738
Phe_1450,0.0
Phe_17,0.007045489355184561
Phe_191,0.013478327462092205
Phe_200,0.47863378771634246
Phe_224,0.9350589676826466
Phe_229,0.25501608209526727
Phe_236,0.0
Phe_305,0.010415071220707612
Phe_310,0.807933833665186
Phe_315,0.0076581406034614795
Phe_316,1.1655689998468373
Phe_337,0.02006432838106908
Phe_400,0.0
Phe_409,0.032164190534538215
Phe_490,0.0076581406034614795
Phe_508,1.205391330984837
Phe_575,1.682493490580487
Phe_587,0.017766886200030634
Phe_626,2.5575126359319955
Phe_650,0.0
Phe_653,0.45948843620768876
Phe_693,0.0
Phe_78,0.5904426405268801
Phe_81,0.018379537448307552
Phe_83,0.24597947618318278
Phe_834,0.0
Phe_87,0.0030632562413845914
Phe_976,0.0
Phe_992,0.05023740235870731
Phe_994,0.09404196661050697
Pro_1013,0.7069995405115638
Pro_1021,0.0
Pro_1050,0.0
Pro_111,1.2510338489814674
Pro_1181,0.0
Pro_1290,0.28381069076428245
Pro_1306,0.0
Pro_1372,0.5213662122836575
Pro_1378,0.23357328840557512
Pro_140,0.0
Pro_1443,0.0
Pro_205,0.002297442181038444
Pro_355,0.07826619696737633
Pro_439,0.049624751110430396
Pro_477,0.0
Pro_499,0.0
Pro_5,0.0076581406034614795
Pro_574,0.21412161127278298
Pro_638,0.0
Pro_67,0.1920661663348139
Pro_676,0.0
Pro_704,0.0
Pro_718,0.0
Pro_731,0.0
Pro_740,0.0
Pro_750,0.0
Pro_798,0.0
Pro_888,3.9056517077653545
Pro_936,0.24169091744524432
Pro_960,0.0
Pro_99,0.16710062796752945
Ser_10,0.0
Ser_1049,0.9479246438964619
Ser_1118,0.45305559810078117
Ser_1159,0.2810537601470363
Ser_118,3.5386736100474807
Ser_1188,0.0
Ser_1235,4.854495328534232
Ser_1248,0.14213508960024507
Ser_1251,0.047174146117322714
Ser_1255,0.012253024965538366
Ser_1311,0.0
Ser_1347,0.06922959105529178
Ser_1359,0.014703629958646044
Ser_1362,0.009189768724153776
Ser_138,0.0
Ser_1426,0.356869352121305
Ser_1442,0.05130954204319191
Ser_1444,0.021442793689692145
Ser_1455,0.0
Ser_158,0.02695665492418441
Ser_176,0.0
Ser_18,0.0
Ser_256,0.0
Ser_321,0.8584775616480318
Ser_35,0.0
Ser_4,1.6979629345994791
Ser_42,0.7057742380150099
Ser_431,0.0
Ser_459,0.09572675754326851
Ser_466,1.0108745596569153
Ser_485,0.7275233573288407
Ser_492,0.3674375861540818
Ser_495,0.2597641292694134
Ser_519,0.013784653086230662
Ser_549,0.06861693980701486
Ser_557,0.0076581406034614795
Ser_573,3.4452442946852506
Ser_589,0.010721396844846073
Ser_605,0.46867820493184253
Ser_641,0.0
Ser_654,0.0
Ser_686,0.0
Ser_707,0.0
Ser_737,0.0
Ser_753,0.0
Ser_756,0.0
Ser_768,0.0
Ser_776,0.0
Ser_821,0.0
Ser_877,0.0
Ser_895,0.0
Ser_898,0.0
Ser_911,0.02940725991729208
Ser_912,0.020217491193138308
Ser_945,0.21504058814519836
Ser_977,0.40052075356103534
Ter_1481,0.0
Thr_1036,0.06249042732424567
Thr_1053,0.012712513401746056
Thr_1057,0.0
Thr_1086,0.002297442181038444
Thr_1171,0.0
Thr_1216,0.0
Thr_1220,1.1609741154847604
Thr_1246,0.05452596109664574
Thr_1263,0.2692602236177056
Thr_1299,0.23204166028488282
Thr_135,0.22974421810384438
Thr_1380,0.07382447541736867
Thr_1396,0.025118701179353654
Thr_1478,0.0
Thr_164,0.0
Thr_20,0.0
Thr_291,0.1102772246898453
Thr_338,0.24965538367284423
Thr_351,0.0
Thr_360,0.27186399142288253
Thr_382,0.0015316281206922957
Thr_388,0.5538367284423342
Thr_389,0.0
Thr_390,0.019604839944861386
Thr_438,0.0
Thr_465,0.2850359932608363
Thr_547,0.698422423035687
Thr_582,0.0
Thr_599,0.0
Thr_629,0.0
Thr_690,0.0
Thr_757,0.0
Thr_760,0.0
Thr_854,0.7122070761219177
Thr_887,0.28641445856945935
Thr_896,0.0
Thr_908,0.0
Thr_910,0.0
Thr_925,0.8044110889875938
Thr_94,0.7394700566702405
Thr_990,0.017766886200030634
Trp_1089,0.026344003675907487
Trp_1098,0.24199724306938275
Trp_1282,0.020830142441415227
Trp_1310,0.0
Trp_216,0.4780211364680656
Trp_361,2.553683565630265
Trp_401,0.0
Trp_57,2.74161433603921
Trp_79,0.004594884362076888
Tyr_1014,0.0030632562413845914
Tyr_1032,0.0
Tyr_109,0.0
Tyr_1092,0.05850819421044571
Tyr_1182,0.0
Tyr_1219,1.8808393322101393
Tyr_122,0.0
Tyr_1307,0.006892326543115331
Tyr_1381,0.8010415071220707
Tyr_155,0.07688773165875326
Tyr_161,0.04012865676213815
Tyr_28,1.4659212743145964
Tyr_301,0.0
Tyr_325,0.017766886200030634
Tyr_38,2.070761219175984
Tyr_380,0.006126512482769183
Tyr_515,0.6938275386736101
Tyr_563,0.05912084545872262
Tyr_569,0.4748047174146117
Tyr_577,0.0
Tyr_625,0.49992341859396544
Tyr_627,0.4663807627508041
Tyr_84,0.026037678051769028
Tyr_849,0.0
Tyr_89,0.06371572982079951
Tyr_903,0.0
Tyr_913,0.018379537448307552
Tyr_919,0.00735181497932302
Val_1001,0.743145964159902
Val_1008,0.0
Val_1022,0.11778220248123757
Val_11,0.0
Val_1108,0.026650329300045947
Val_1114,0.3012712513401746
Val_1147,0.7540205238168173
Val_1153,0.05835503139837647
Val_1163,0.0
Val_1198,0.0
Val_12,0.0
Val_1240,0.0
Val_1272,0.022974421810384442
Val_1288,0.22974421810384438
Val_1293,0.031245213662122837
Val_1318,0.0
Val_1322,0.46561494869045794
Val_1327,0.5308623066319497
Val_1379,0.002297442181038444
Val_1415,0.0
Val_1421,0.08132945320876092
Val_1475,0.0
Val_171,0.025425026803492113
Val_201,0.04211977331903814
Val_208,0.0
Val_232,0.0
Val_260,0.0
Val_272,0.0
Val_317,0.0
Val_322,1.2185633328227903
Val_43,0.0
Val_440,0.0
Val_456,0.0
Val_470,0.3456884668402511
Val_510,0.012253024965538366
Val_520,0.7307397763822944
Val_540,0.0015316281206922957
Val_562,0.476336345535304
Val_603,0.4921121151784347
Val_714,0.0
Val_754,0.0
Val_769,0.018379537448307552
Val_794,0.0
Val_855,0.030938888037984374
Val_862,0.03308316740695359
Val_874,0.055444937969061116
Val_905,0.0012253024965538366
Val_915,0.0030632562413845914
Val_920,1.012712513401746
Val_922,0.0
Val_938,0.9396538520447235
Val_944,0.0
Val_97,0.0
