Mutation,Delta_Hbonds_Score
Ala_1004,5.013445197375498
Ala_1006,3.551683338711413
Ala_1009,6.862428740453909
Ala_1018,6.86027750887383
Ala_1025,6.794664945681403
Ala_1031,5.013445197375498
Ala_1067,5.013445197375498
Ala_1081,5.013445197375498
Ala_1136,3.6872109282564267
Ala_1146,5.013445197375498
Ala_120,5.186619339571905
Ala_1217,3.383887275465204
Ala_1225,5.013445197375498
Ala_1256,4.9973109605249
Ala_1285,5.013445197375498
Ala_1364,5.013445197375498
Ala_141,5.235022050123696
Ala_1440,5.1167043132193175
Ala_1466,5.013445197375498
Ala_196,5.013445197375498
Ala_198,5.013445197375498
Ala_204,5.294180918575885
Ala_209,5.1167043132193175
Ala_221,3.4000215123158006
Ala_234,5.235022050123696
Ala_252,5.013445197375498
Ala_280,5.034957513176294
Ala_299,8.438205872862213
Ala_300,5.013445197375498
Ala_309,5.013445197375498
Ala_349,5.013445197375498
Ala_399,4.9973109605249
Ala_412,5.013445197375498
Ala_455,5.013445197375498
Ala_46,5.013445197375498
Ala_462,5.013445197375498
Ala_534,5.013445197375498
Ala_559,5.327525008067119
Ala_561,6.659137356136387
Ala_566,5.170485102721308
Ala_675,5.013445197375498
Ala_72,10.0
Ala_747,5.013445197375498
Ala_800,5.013445197375498
Ala_876,5.013445197375498
Ala_9,5.013445197375498
Ala_959,5.013445197375498
Arg_104,4.940303323652791
Arg_1066,4.901581155211359
Arg_1070,4.987630418414542
Arg_1097,6.669893514036786
Arg_1102,1.588684521888781
Arg_1158,5.018823276325697
Arg_1162,1.5962138324190602
Arg_117,4.73378509196515
Arg_1259,5.136065397440034
Arg_1283,4.571367107669141
Arg_1358,4.609013660320533
Arg_1385,4.951059481553189
Arg_1386,4.988706034204582
Arg_1403,4.883295686780682
Arg_1422,4.970420565773905
Arg_1438,4.976874260514145
Arg_1453,5.013445197375498
Arg_1479,5.013445197375498
Arg_153,4.9919328815747015
Arg_170,3.393567817575562
Arg_183,5.013445197375498
Arg_21,4.958588792083468
Arg_242,5.013445197375498
Arg_248,6.6935570614176605
Arg_258,4.8327417446488115
Arg_29,5.0726040658276865
Arg_297,4.900505539421319
Arg_3,3.3892653544154028
Arg_31,5.077982144777885
Arg_334,5.009142734215338
Arg_347,4.890824997310961
Arg_352,1.6080456061094974
Arg_450,4.94890824997311
Arg_487,5.0403355921264925
Arg_553,4.94568140260299
Arg_560,6.777455093040766
Arg_668,6.626868882435194
Arg_709,5.013445197375498
Arg_74,4.970420565773905
Arg_75,4.591803807679897
Arg_751,5.013445197375498
Arg_764,5.013445197375498
Arg_765,5.013445197375498
Arg_766,5.013445197375498
Arg_785,5.013445197375498
Arg_792,5.013445197375498
Arg_810,5.013445197375498
Arg_811,5.013445197375498
Arg_851,4.720877702484673
Asn_1148,5.0026890394751
Asn_1184,5.013445197375498
Asn_1224,5.045713671076691
Asn_1229,4.9973109605249
Asn_1303,4.73378509196515
Asn_1419,4.972571797353985
Asn_1432,5.011293965795418
Asn_187,5.030655050016134
Asn_287,5.013445197375498
Asn_306,6.692481445627622
Asn_369,6.8129504141120805
Asn_396,4.963966871033667
Asn_416,5.013445197375498
Asn_418,5.013445197375498
Asn_423,5.013445197375498
Asn_48,6.626868882435194
Asn_538,3.415080133376358
Asn_597,6.6053565666343985
Asn_635,6.825857803592557
Asn_699,5.013445197375498
Asn_703,5.013445197375498
Asn_801,5.013445197375498
Asn_847,4.9973109605249
Asn_894,5.013445197375498
Asn_901,5.013445197375498
Asn_965,5.052167365816931
Asp_110,4.897278692051199
Asp_112,4.981176723674304
Asp_1152,5.0026890394751
Asp_1154,4.806926965687857
Asp_1168,4.6778530708830806
Asp_1201,5.013445197375498
Asp_1270,4.860707755189846
Asp_1312,4.983327955254383
Asp_1341,5.013445197375498
Asp_1370,4.83919543938905
Asp_1377,4.9295471657523935
Asp_1394,3.383887275465204
Asp_1445,5.013445197375498
Asp_373,4.986554802624503
Asp_44,4.9273959341723135
Asp_443,4.951059481553189
Asp_513,4.940303323652791
Asp_565,5.004840271055179
Asp_567,4.993008497364741
Asp_572,6.496719371840378
Asp_579,4.73163386038507
Asp_58,5.095191997418523
Asp_614,4.937076476282671
Asp_648,5.013445197375498
Asp_651,5.013445197375498
Asp_674,5.013445197375498
Asp_727,5.013445197375498
Asp_806,5.013445197375498
Asp_828,5.013445197375498
Asp_836,5.013445197375498
Asp_891,5.013445197375498
Asp_924,4.768204797246423
Asp_979,4.711197160374314
Asp_984,4.899429923631279
Asp_985,1.6887167903624825
Asp_993,4.873615144670324
Cys_1344,4.845649134129289
Cys_1355,4.770356028826503
Cys_1395,3.3182747122727765
Cys_1410,4.886522534150801
Cys_187,5.013445197375498
Cys_190,5.1210067763794775
Cys_225,4.886522534150801
Cys_276,4.781112186726901
Cys_343,3.248359685920189
Cys_491,1.6865655587824029
Cys_524,4.89405184468108
Cys_592,4.953210713133268
Cys_76,4.834892976228891
Cys_832,5.013445197375498
Cys_866,4.908034849951598
Gln_1039,4.953210713133268
Gln_1071,5.00053780789502
Gln_1100,5.0026890394751
Gln_1186,5.013445197375498
Gln_1209,4.988706034204582
Gln_1238,4.917715392061956
Gln_1268,6.641927503495752
Gln_1281,3.378509196515005
Gln_1291,4.813380660428095
Gln_1309,5.013445197375498
Gln_1313,4.981176723674304
Gln_1330,5.013445197375498
Gln_1352,4.996235344734861
Gln_1382,4.923093471012155
Gln_1411,4.933849628912553
Gln_151,6.606432182424438
Gln_179,5.0080671184252985
Gln_207,4.908034849951598
Gln_220,4.901581155211359
Gln_237,4.806926965687857
Gln_290,5.005915886845219
Gln_353,4.981176723674304
Gln_378,6.653759277186189
Gln_39,8.315585672797676
Gln_414,5.013445197375498
Gln_452,5.013445197375498
Gln_493,4.981176723674304
Gln_652,5.013445197375498
Gln_715,5.013445197375498
Gln_720,5.013445197375498
Gln_744,5.013445197375498
Gln_767,5.0564698289770895
Gln_781,5.013445197375498
Gln_799,5.013445197375498
Gln_890,5.013445197375498
Gln_98,4.9919328815747015
Glu_1044,4.95213509734323
Glu_116,4.867161449930085
Glu_1172,6.398838334946756
Glu_1228,6.626868882435194
Glu_1264,5.004840271055179
Glu_1409,4.981176723674304
Glu_1433,4.966118102613747
Glu_144,6.64300311928579
Glu_185,4.837044207808971
Glu_193,4.981176723674304
Glu_217,5.013445197375498
Glu_257,5.013445197375498
Glu_279,4.9919328815747015
Glu_282,4.920942239432074
Glu_379,5.119931160589437
Glu_384,4.981176723674304
Glu_407,5.045713671076691
Glu_449,5.013445197375498
Glu_474,4.9919328815747015
Glu_479,6.6978595245778205
Glu_527,5.013445197375498
Glu_528,5.029579434226095
Glu_54,4.9973109605249
Glu_56,4.94890824997311
Glu_583,4.916639776271915
Glu_585,6.64838119823599
Glu_588,5.00053780789502
Glu_60,3.19027643325804
Glu_656,6.626868882435194
Glu_672,5.013445197375498
Glu_681,5.013445197375498
Glu_695,5.013445197375498
Glu_7,0.1516618263956117
Glu_725,5.013445197375498
Glu_823,5.013445197375498
Glu_826,5.013445197375498
Glu_873,4.8951274604711195
Gly_1003,5.013445197375498
Gly_1047,5.013445197375498
Gly_1061,3.444121759707433
Gly_1069,5.013445197375498
Gly_1130,5.013445197375498
Gly_1173,6.677422824567064
Gly_1208,5.013445197375498
Gly_1223,6.64838119823599
Gly_1237,5.029579434226095
Gly_1241,5.067225986877487
Gly_1244,5.095191997418523
Gly_1249,3.4408949123373134
Gly_126,5.013445197375498
Gly_134,4.981176723674304
Gly_1343,8.294073356996881
Gly_1349,5.258685597504571
Gly_149,5.013445197375498
Gly_152,5.013445197375498
Gly_178,5.1167043132193175
Gly_194,5.013445197375498
Gly_213,1.7865978272561043
Gly_226,5.1468215553404315
Gly_239,5.013445197375498
Gly_241,5.077982144777885
Gly_253,5.013445197375498
Gly_314,5.073679681617726
Gly_404,4.9973109605249
Gly_406,5.0564698289770895
Gly_424,5.013445197375498
Gly_437,5.013445197375498
Gly_451,6.734430461439174
Gly_480,5.174787565881466
Gly_500,5.216736581693019
Gly_542,5.0403355921264925
Gly_544,5.159728944820911
Gly_551,5.029579434226095
Gly_576,5.013445197375498
Gly_622,5.013445197375498
Gly_628,8.254275572765408
Gly_691,5.013445197375498
Gly_723,5.013445197375498
Gly_817,5.013445197375498
Gly_85,5.013445197375498
Gly_91,5.043562439496611
Gly_921,5.013445197375498
Gly_934,5.237173281703775
Gly_970,1.7704635904055075
His_1054,5.059696676347208
His_1085,4.920942239432074
His_1197,5.013445197375498
His_1375,4.976874260514145
His_139,4.849951597289449
His_147,4.94890824997311
His_186,5.034957513176294
His_199,4.925244702592234
His_484,3.3537700333440896
His_620,5.099494460578682
His_667,5.013445197375498
His_775,5.013445197375498
His_897,5.013445197375498
His_939,4.88867376573088
His_949,3.383887275465204
His_950,6.626868882435194
His_954,4.931698397332473
Ile_1002,5.013445197375498
Ile_1005,5.013445197375498
Ile_1023,5.013445197375498
Ile_1027,6.7785307088308056
Ile_105,5.013445197375498
Ile_1051,5.013445197375498
Ile_1106,6.800043024631601
Ile_1109,5.013445197375498
Ile_1117,5.170485102721308
Ile_1131,3.4000215123158006
Ile_1139,5.013445197375498
Ile_1151,5.013445197375498
Ile_1167,1.7704635904055075
Ile_119,5.013445197375498
Ile_1203,5.013445197375498
Ile_121,5.013445197375498
Ile_1226,6.64838119823599
Ile_1230,5.0080671184252985
Ile_1234,5.013445197375498
Ile_125,6.789286866731203
Ile_1269,3.383887275465204
Ile_1277,5.013445197375498
Ile_1289,5.013445197375498
Ile_132,5.013445197375498
Ile_1328,5.218887813273099
Ile_1366,5.013445197375498
Ile_1398,5.034957513176294
Ile_1441,5.102721307948801
Ile_1464,5.013445197375498
Ile_148,6.8107991825320005
Ile_154,5.1973754974723025
Ile_160,5.013445197375498
Ile_177,5.013445197375498
Ile_255,5.013445197375498
Ile_269,6.745186619339572
Ile_285,5.013445197375498
Ile_331,5.077982144777885
Ile_336,5.0242013552758955
Ile_340,1.7704635904055075
Ile_344,4.9973109605249
Ile_37,5.013445197375498
Ile_371,5.013445197375498
Ile_444,8.304829514897278
Ile_448,8.24029256749489
Ile_471,5.013445197375498
Ile_502,3.416155749166398
Ile_506,5.013445197375498
Ile_507,5.013445197375498
Ile_521,5.013445197375498
Ile_530,5.013445197375498
Ile_539,5.077982144777885
Ile_546,5.013445197375498
Ile_556,5.013445197375498
Ile_601,5.013445197375498
Ile_616,5.013445197375498
Ile_618,6.64300311928579
Ile_661,5.013445197375498
Ile_705,5.013445197375498
Ile_708,5.013445197375498
Ile_752,5.013445197375498
Ile_755,5.013445197375498
Ile_783,5.013445197375498
Ile_807,5.013445197375498
Ile_853,3.4000215123158006
Ile_86,5.013445197375498
Ile_907,5.034957513176294
Ile_918,3.4000215123158006
Ile_980,5.045713671076691
Ile_982,4.9973109605249
Ile_991,5.013445197375498
Ile_995,5.013445197375498
Leu_102,5.034957513176294
Leu_1029,5.013445197375498
Leu_1065,5.013445197375498
Leu_1077,5.013445197375498
Leu_1091,5.013445197375498
Leu_1156,5.013445197375498
Leu_1187,5.013445197375498
Leu_1227,5.045713671076691
Leu_1242,5.013445197375498
Leu_1254,5.013445197375498
Leu_1279,5.022050123695816
Leu_130,5.013445197375498
Leu_1304,3.383887275465204
Leu_1335,5.013445197375498
Leu_1339,4.9973109605249
Leu_1346,5.013445197375498
Leu_1361,5.013445197375498
Leu_1369,5.013445197375498
Leu_138,5.013445197375498
Leu_1431,5.013445197375498
Leu_1436,5.013445197375498
Leu_1480,5.013445197375498
Leu_15,3.383887275465204
Leu_159,3.540927180811015
Leu_172,5.013445197375498
Leu_180,5.013445197375498
Leu_183,5.013445197375498
Leu_188,5.013445197375498
Leu_206,5.013445197375498
Leu_210,5.013445197375498
Leu_214,5.013445197375498
Leu_233,5.013445197375498
Leu_24,5.013445197375498
Leu_259,3.383887275465204
Leu_293,3.383887275465204
Leu_32,5.013445197375498
Leu_320,5.013445197375498
Leu_327,5.013445197375498
Leu_333,5.013445197375498
Leu_375,5.013445197375498
Leu_387,5.034957513176294
Leu_428,5.013445197375498
Leu_435,5.013445197375498
Leu_441,5.013445197375498
Leu_467,5.013445197375498
Leu_49,5.013445197375498
Leu_548,4.981176723674304
Leu_558,8.547918683446273
Leu_6,6.7053888351081
Leu_610,5.013445197375498
Leu_617,5.013445197375498
Leu_633,5.013445197375498
Leu_636,5.013445197375498
Leu_73,5.013445197375498
Leu_796,5.013445197375498
Leu_802,5.013445197375498
Leu_859,5.013445197375498
Leu_88,5.013445197375498
Leu_889,3.4000215123158006
Leu_926,5.013445197375498
Leu_948,1.7543293535549105
Leu_964,5.013445197375498
Leu_967,6.767774550930408
Leu_986,5.013445197375498
Leu_997,5.013445197375498
Lys_1041,5.067225986877487
Lys_1080,5.196299881682263
Lys_1165,5.0726040658276865
Lys_1174,6.64300311928579
Lys_1177,8.24029256749489
Lys_1183,5.013445197375498
Lys_1199,5.013445197375498
Lys_1200,5.013445197375498
Lys_1351,1.7435731956545122
Lys_1363,3.3268796385930943
Lys_14,4.996235344734861
Lys_1457,4.9973109605249
Lys_1461,5.013445197375498
Lys_26,3.226847370119393
Lys_273,4.976874260514145
Lys_283,5.0080671184252985
Lys_370,5.0242013552758955
Lys_411,5.013445197375498
Lys_447,5.117779929009357
Lys_52,5.013445197375498
Lys_532,5.0080671184252985
Lys_536,1.6144993008497366
Lys_564,3.444121759707433
Lys_64,5.0026890394751
Lys_65,6.691405829837582
Lys_68,4.933849628912553
Lys_684,5.013445197375498
Lys_688,5.013445197375498
Lys_786,5.013445197375498
Lys_857,8.24029256749489
Lys_946,5.084435839518124
Lys_951,3.346240722813811
Lys_978,5.001613423685059
Met_1,5.013445197375498
Met_1028,3.4000215123158006
Met_1101,5.1371410132300745
Met_1137,5.013445197375498
Met_1140,5.013445197375498
Met_1157,1.7543293535549105
Met_1191,5.013445197375498
Met_1210,5.013445197375498
Met_1354,5.1973754974723025
Met_142,6.75701839303001
Met_150,5.013445197375498
Met_152,5.013445197375498
Met_156,5.013445197375498
Met_212,3.383887275465204
Met_243,5.218887813273099
Met_244,5.013445197375498
Met_265,5.075830913197806
Met_281,5.170485102721308
Met_348,6.669893514036786
Met_394,5.084435839518124
Met_469,3.367753038614607
Met_498,5.097343228998602
Met_595,5.013445197375498
Met_645,6.680649671937184
Met_837,5.013445197375498
Met_952,5.1973754974723025
Met_961,6.789286866731203
Phe_1016,5.077982144777885
Phe_1052,5.013445197375498
Phe_1074,3.383887275465204
Phe_1090,5.013445197375498
Phe_1099,5.013445197375498
Phe_1111,5.013445197375498
Phe_1116,6.703237603528019
Phe_1257,5.013445197375498
Phe_1300,5.013445197375498
Phe_131,5.013445197375498
Phe_1331,4.9973109605249
Phe_1337,4.9973109605249
Phe_1392,3.383887275465204
Phe_1413,5.013445197375498
Phe_1450,5.013445197375498
Phe_17,5.013445197375498
Phe_191,5.013445197375498
Phe_200,5.013445197375498
Phe_224,4.9973109605249
Phe_229,5.013445197375498
Phe_236,5.167258255351189
Phe_305,3.4000215123158006
Phe_310,5.013445197375498
Phe_315,5.1048725395288805
Phe_316,5.013445197375498
Phe_337,5.013445197375498
Phe_400,5.1188555447993975
Phe_409,5.013445197375498
Phe_490,6.64300311928579
Phe_508,5.228568355383457
Phe_575,5.018823276325697
Phe_587,5.013445197375498
Phe_626,4.9973109605249
Phe_650,3.4000215123158006
Phe_653,5.013445197375498
Phe_693,5.013445197375498
Phe_78,5.0564698289770895
Phe_81,5.013445197375498
Phe_83,5.013445197375498
Phe_834,5.013445197375498
Phe_87,5.111326234269119
Phe_976,6.821555340432398
Phe_992,3.3516188017640096
Phe_994,5.013445197375498
Pro_1013,5.013445197375498
Pro_1021,5.077982144777885
Pro_1050,5.013445197375498
Pro_111,4.9973109605249
Pro_1181,5.013445197375498
Pro_1290,5.013445197375498
Pro_1306,1.7650855114553083
Pro_1372,5.013445197375498
Pro_1378,3.383887275465204
Pro_140,5.0564698289770895
Pro_1443,5.013445197375498
Pro_205,5.022050123695816
Pro_355,5.013445197375498
Pro_439,5.0242013552758955
Pro_477,5.200602344842422
Pro_499,5.013445197375498
Pro_5,5.013445197375498
Pro_574,5.034957513176294
Pro_638,5.0564698289770895
Pro_67,5.013445197375498
Pro_676,5.013445197375498
Pro_704,5.013445197375498
Pro_718,5.013445197375498
Pro_731,5.013445197375498
Pro_740,5.013445197375498
Pro_750,5.013445197375498
Pro_798,5.013445197375498
Pro_888,6.626868882435194
Pro_936,6.7053888351081
Pro_960,5.331827471227277
Pro_99,5.013445197375498
Ser_10,1.7564805851349898
Ser_1049,5.026352586855975
Ser_1118,4.813380660428095
Ser_1159,4.776809723566742
Ser_118,4.963966871033667
Ser_1188,5.013445197375498
Ser_1235,8.310207593847478
Ser_1248,4.867161449930085
Ser_1251,6.355813703345166
Ser_1255,5.175863181671508
Ser_1311,4.88867376573088
Ser_1347,4.918791007851995
Ser_1359,6.789286866731203
Ser_1362,4.910186081531677
Ser_138,5.013445197375498
Ser_1426,4.902656771001398
Ser_1442,4.996235344734861
Ser_1444,5.013445197375498
Ser_1455,5.013445197375498
Ser_158,4.755297407765946
Ser_176,6.626868882435194
Ser_18,4.897278692051199
Ser_256,4.94568140260299
Ser_321,4.83919543938905
Ser_35,5.004840271055179
Ser_4,4.981176723674304
Ser_42,1.7865978272561043
Ser_431,5.013445197375498
Ser_459,4.974723028934064
Ser_466,4.89297622889104
Ser_485,6.713993761428418
Ser_492,4.883295686780682
Ser_495,3.330106485963214
Ser_519,4.78756588146714
Ser_549,6.636549424545553
Ser_557,8.348929762288911
Ser_573,4.916639776271915
Ser_589,5.045713671076691
Ser_605,1.7704635904055075
Ser_641,1.7435731956545122
Ser_654,5.013445197375498
Ser_686,5.013445197375498
Ser_707,5.013445197375498
Ser_737,5.013445197375498
Ser_753,5.013445197375498
Ser_756,5.013445197375498
Ser_768,5.013445197375498
Ser_776,5.013445197375498
Ser_821,5.013445197375498
Ser_877,4.602559965580295
Ser_895,5.013445197375498
Ser_898,5.013445197375498
Ser_911,5.026352586855975
Ser_912,4.910186081531677
Ser_945,4.791868344627299
Ser_977,1.59513821662902
Ter_1481,5.013445197375498
Thr_1036,5.041411207916533
Thr_1053,3.167688501667204
Thr_1057,4.856405292029687
Thr_1086,6.599978487684199
Thr_1171,4.983327955254383
Thr_1216,4.916639776271915
Thr_1220,4.9973109605249
Thr_1246,4.78864149725718
Thr_1263,1.734968269334194
Thr_1299,4.938152092072712
Thr_135,6.616112724534796
Thr_1380,4.847800365709369
Thr_1396,4.858556523609766
Thr_1478,5.013445197375498
Thr_164,1.6833387114122835
Thr_20,5.013445197375498
Thr_291,6.555878240292568
Thr_338,4.877917607830483
Thr_351,8.261804883295687
Thr_360,4.856405292029687
Thr_382,4.938152092072712
Thr_388,4.9273959341723135
Thr_389,5.034957513176294
Thr_390,4.953210713133268
Thr_438,4.9919328815747015
Thr_465,4.817683123588255
Thr_547,5.013445197375498
Thr_582,3.3139722491126173
Thr_599,4.905883618371518
Thr_629,4.789717113047219
Thr_690,5.013445197375498
Thr_757,5.013445197375498
Thr_760,5.013445197375498
Thr_854,0.0
Thr_887,5.013445197375498
Thr_896,5.013445197375498
Thr_908,5.006991502635259
Thr_910,4.981176723674304
Thr_925,4.7402387867053895
Thr_94,4.910186081531677
Thr_990,4.797246423577498
Trp_1089,5.184468107991825
Trp_1098,8.767344304614392
Trp_1282,5.159728944820911
Trp_1310,5.013445197375498
Trp_216,5.013445197375498
Trp_361,5.126384855329676
Trp_401,4.990857265784662
Trp_57,5.0242013552758955
Trp_79,5.013445197375498
Tyr_1014,6.64300311928579
Tyr_1032,6.789286866731203
Tyr_109,3.3182747122727765
Tyr_1092,1.6080456061094974
Tyr_1182,5.013445197375498
Tyr_1219,4.801548886737658
Tyr_122,6.669893514036786
Tyr_1307,4.845649134129289
Tyr_1381,0.28396256857050695
Tyr_155,6.626868882435194
Tyr_161,6.617188340324836
Tyr_28,5.013445197375498
Tyr_301,6.569861245563084
Tyr_325,8.342476067548672
Tyr_38,5.124233623749596
Tyr_380,6.688178982467462
Tyr_515,4.9973109605249
Tyr_563,4.963966871033667
Tyr_569,4.815531892008175
Tyr_577,5.029579434226095
Tyr_625,5.0242013552758955
Tyr_627,6.528987845541572
Tyr_84,5.034957513176294
Tyr_849,8.29299774120684
Tyr_89,5.175863181671508
Tyr_903,5.034957513176294
Tyr_913,5.028503818436054
Tyr_919,4.954286328923309
Val_1001,5.013445197375498
Val_1008,5.013445197375498
Val_1022,5.013445197375498
Val_11,3.4000215123158006
Val_1108,5.013445197375498
Val_1114,5.013445197375498
Val_1147,6.64300311928579
Val_1153,5.013445197375498
Val_1163,5.013445197375498
Val_1198,5.013445197375498
Val_12,5.013445197375498
Val_1240,5.013445197375498
Val_1272,5.0242013552758955
Val_1288,5.013445197375498
Val_1293,5.013445197375498
Val_1318,5.013445197375498
Val_1322,5.013445197375498
Val_1327,4.9973109605249
Val_1379,5.013445197375498
Val_1415,5.013445197375498
Val_1421,5.013445197375498
Val_1475,5.013445197375498
Val_171,4.9973109605249
Val_201,5.013445197375498
Val_208,4.981176723674304
Val_232,3.4000215123158006
Val_260,5.013445197375498
Val_272,3.4000215123158006
Val_317,5.013445197375498
Val_322,5.013445197375498
Val_43,5.013445197375498
Val_440,5.013445197375498
Val_456,1.7704635904055075
Val_470,5.013445197375498
Val_510,5.013445197375498
Val_520,5.013445197375498
Val_540,5.013445197375498
Val_562,3.383887275465204
Val_603,5.013445197375498
Val_714,5.013445197375498
Val_754,5.013445197375498
Val_769,5.013445197375498
Val_794,5.013445197375498
Val_855,4.981176723674304
Val_862,5.013445197375498
Val_874,5.013445197375498
Val_905,5.013445197375498
Val_915,5.013445197375498
Val_920,5.013445197375498
Val_922,5.013445197375498
Val_938,5.013445197375498
Val_944,5.013445197375498
Val_97,3.367753038614607
