Mutation,Delta_InterresidualContacts_Score
Ala_1004,0.6432600184344266
Ala_1006,1.928004261904158
Ala_1009,1.9685938253126665
Ala_1018,1.827122284515927
Ala_1025,1.923945305563307
Ala_1031,2.052901730975756
Ala_1067,1.7335971654954885
Ala_1081,0.1259122081568107
Ala_1136,1.591026324023102
Ala_1146,1.844626533735846
Ala_120,2.3758424448447024
Ala_1217,2.270986072706055
Ala_1225,2.1246099596641215
Ala_1256,2.136617705505805
Ala_1285,2.114208884040691
Ala_1364,2.1867627286333997
Ala_141,1.971130673025698
Ala_1440,1.956501517880548
Ala_1466,1.9230996896589627
Ala_196,2.2938177021233415
Ala_198,1.9122758060833602
Ala_204,1.0605714672281554
Ala_209,1.7987941517204054
Ala_221,1.8047134630508128
Ala_234,1.0386700153056476
Ala_252,2.052056115071412
Ala_280,1.830589309723737
Ala_299,1.4542902322906888
Ala_300,1.387655699028387
Ala_309,1.5205865191912527
Ala_349,1.9843222811334635
Ala_399,2.512324851805813
Ala_412,1.9230996896589627
Ala_455,1.8681346558766074
Ala_46,2.726773045147433
Ala_462,3.392611008227843
Ala_534,2.1886230836229563
Ala_559,2.1315440100797414
Ala_561,2.680264170408517
Ala_566,2.0030103926194642
Ala_675,1.9230996896589627
Ala_72,2.10803588793898
Ala_747,1.9230996896589627
Ala_800,1.9230996896589627
Ala_876,1.7987941517204054
Ala_9,2.3842986038881415
Ala_959,2.3908098463515897
Arg_104,1.877267307643522
Arg_1066,5.002663690098683
Arg_1070,2.1225804814936957
Arg_1097,1.1849615667571474
Arg_1102,4.741283814065974
Arg_1158,2.474272136110336
Arg_1162,2.1442282486449002
Arg_117,2.9480707273142395
Arg_1259,1.5973684433056814
Arg_1283,2.3319549794092524
Arg_1358,1.7246336369094428
Arg_1385,1.2386581766829867
Arg_1386,1.6421015246454753
Arg_1403,1.7696204030205398
Arg_1422,6.6955021690047944
Arg_1438,2.154121954725724
Arg_1453,1.9230996896589627
Arg_1479,1.9230996896589627
Arg_153,2.046305926921873
Arg_170,2.876447060216308
Arg_183,1.9230996896589627
Arg_21,1.91650388560508
Arg_242,1.9370523520806375
Arg_248,1.633476242421167
Arg_258,1.8595939352427338
Arg_29,1.9219158273928814
Arg_297,3.747431441690555
Arg_3,1.2994579602053151
Arg_31,1.9137979147111797
Arg_334,2.590967130909798
Arg_347,2.7348909578291347
Arg_352,5.716278951774525
Arg_450,2.0896860228147167
Arg_487,3.273548288896217
Arg_553,3.9612031423087
Arg_560,2.3865817668298703
Arg_668,1.9230996896589627
Arg_709,1.9230996896589627
Arg_74,6.964577149767033
Arg_75,2.507758525922355
Arg_751,1.9230996896589627
Arg_764,1.943394471363217
Arg_765,1.9400120077458414
Arg_766,1.9247909214676506
Arg_785,1.9230996896589627
Arg_792,1.9230996896589627
Arg_810,1.9230996896589627
Arg_811,1.9230996896589627
Arg_851,1.7426452556719683
Asn_1148,2.60525803969321
Asn_1184,1.9230996896589627
Asn_1224,2.45837455710867
Asn_1229,2.3188479328919214
Asn_1303,2.432329587254877
Asn_1419,2.049942075310552
Asn_1432,3.0823545329240547
Asn_187,2.5086887034171337
Asn_287,2.4571061332521538
Asn_306,2.043430832847104
Asn_369,1.7924520324378257
Asn_396,1.582231918617925
Asn_416,1.9230996896589627
Asn_418,1.9230996896589627
Asn_423,1.9230996896589627
Asn_48,1.9368832288997688
Asn_538,2.990689768893173
Asn_597,1.801753807385609
Asn_635,1.5402893697624662
Asn_699,1.9230996896589627
Asn_703,1.9230996896589627
Asn_801,1.9230996896589627
Asn_847,1.1459786735668922
Asn_894,1.9230996896589627
Asn_901,1.9273277691806825
Asn_965,2.65472657009733
Asp_110,1.5508595685667652
Asp_112,0.978039354964188
Asp_1152,1.9408576236501853
Asp_1154,3.2047997158730555
Asp_1168,1.500460860667867
Asp_1201,1.9230996896589627
Asp_1270,1.0457731889021367
Asp_1312,1.754399316742349
Asp_1341,1.3974648435187766
Asp_1370,1.3568752801102681
Asp_1377,1.6449766187202444
Asp_1394,1.9197172260415871
Asp_1445,1.9137979147111797
Asp_373,1.9307102327980583
Asp_44,1.8221331506802976
Asp_443,2.7326923564778403
Asp_513,1.7666607473553362
Asp_565,6.78031744421049
Asp_567,1.4093880277700261
Asp_572,3.9490262732861474
Asp_579,1.602019330779573
Asp_58,1.9586155576414077
Asp_614,1.7637856532805665
Asp_648,2.3036268466137306
Asp_651,2.049942075310552
Asp_674,1.9230996896589627
Asp_727,1.9230996896589627
Asp_806,1.9230996896589627
Asp_828,1.9230996896589627
Asp_836,1.9230996896589627
Asp_891,1.7962573040073735
Asp_924,1.7802751634152734
Asp_979,1.6125049679934378
Asp_984,1.68184547214964
Asp_985,2.318509686530184
Asp_993,1.9029740311355772
Cys_1344,2.8016100526818706
Cys_1355,1.5106928131104285
Cys_1395,2.867060723678091
Cys_1410,5.711881749071937
Cys_187,1.9230996896589627
Cys_190,2.168497425099571
Cys_225,1.8984077052521204
Cys_276,5.045113608496749
Cys_343,2.262107105710444
Cys_491,6.684678285429192
Cys_524,4.792105329917044
Cys_592,2.2314112483827593
Cys_76,8.146409937678108
Cys_832,1.9230996896589627
Cys_866,3.3797576464818153
Gln_1039,2.437741529042678
Gln_1071,2.1864244822716623
Gln_1100,1.9109228206364102
Gln_1186,1.9230996896589627
Gln_1209,3.545921171685396
Gln_1238,1.7965109887786768
Gln_1268,4.053713522243926
Gln_1281,1.924452675105913
Gln_1291,2.185409743186449
Gln_1309,1.9180259942328992
Gln_1313,1.9307102327980583
Gln_1330,1.9235224976111347
Gln_1352,4.266132237415121
Gln_1382,2.1758542834673635
Gln_1411,2.8368722358930127
Gln_151,2.3685701480673447
Gln_179,1.9787412161647935
Gln_207,1.6569843645619284
Gln_220,1.9329933957397865
Gln_237,1.9689320716744034
Gln_290,4.254293614754306
Gln_353,2.1470187811292356
Gln_378,5.052047658912368
Gln_39,2.1309520789467005
Gln_414,1.9230996896589627
Gln_452,2.045967680560136
Gln_493,2.2249845675097455
Gln_652,2.3036268466137306
Gln_715,1.9230996896589627
Gln_720,1.9230996896589627
Gln_744,1.9230996896589627
Gln_767,1.9636892530674714
Gln_781,1.9230996896589627
Gln_799,1.9230996896589627
Gln_890,4.20626263138757
Gln_98,1.9663106623709377
Glu_1044,2.4814598712972593
Glu_116,5.477223335616496
Glu_1172,1.8418360012515114
Glu_1228,3.181883524865335
Glu_1264,1.9121912444929263
Glu_1409,2.0874028598729883
Glu_1433,1.9476225508849367
Glu_144,4.992854545608293
Glu_185,1.36076511327025
Glu_193,1.4040606475726594
Glu_217,1.8994224443373329
Glu_257,1.7803597250057073
Glu_279,2.434105380653999
Glu_282,1.6596057738653947
Glu_379,1.8025148616995188
Glu_384,1.919294418089415
Glu_407,1.9459313190762488
Glu_449,1.2523571543333585
Glu_474,3.3007771210160914
Glu_479,3.325553667013369
Glu_527,1.8918119011982373
Glu_528,3.1542318847932886
Glu_54,1.1284744243469729
Glu_56,1.870164134047033
Glu_583,1.834479142883719
Glu_585,3.401405413633019
Glu_588,2.473680204977295
Glu_60,1.6742349290105447
Glu_656,2.3036268466137306
Glu_672,1.9230996896589627
Glu_681,1.9230996896589627
Glu_695,1.9230996896589627
Glu_7,2.6137141987366492
Glu_725,1.9230996896589627
Glu_823,1.9230996896589627
Glu_826,1.9230996896589627
Glu_873,1.9305411096171896
Gly_1003,2.757384340884683
Gly_1047,2.2717471270199647
Gly_1061,2.7578917104272893
Gly_1069,10.0
Gly_1130,2.015271823232451
Gly_1173,1.937559721623244
Gly_1208,1.8182433175203156
Gly_1223,4.677947182830614
Gly_1237,3.1046787927987345
Gly_1241,2.1652840846630643
Gly_1244,3.2859788426900725
Gly_1249,3.0285733614077817
Gly_126,2.8378869749782254
Gly_134,1.812493129370777
Gly_1343,2.282317325824264
Gly_1349,1.6468369737098012
Gly_149,2.875939690673702
Gly_152,1.9230996896589627
Gly_178,2.1858325511386214
Gly_194,1.9787412161647935
Gly_213,3.084975942227521
Gly_226,2.567966378311643
Gly_239,1.957347133784892
Gly_241,2.989759591398395
Gly_253,1.9230996896589627
Gly_314,4.035871026662269
Gly_404,2.005124432380324
Gly_406,2.0110437437107316
Gly_424,1.9230996896589627
Gly_437,2.030492909510642
Gly_451,1.3736184750162779
Gly_480,2.00157284558208
Gly_500,2.1508240526987827
Gly_542,1.9400965693362757
Gly_544,2.218050517094125
Gly_551,1.4802506405540474
Gly_576,1.2000980914449038
Gly_622,2.0706596649669784
Gly_628,3.5701903481400676
Gly_691,1.9230996896589627
Gly_723,1.9230996896589627
Gly_817,1.9230996896589627
Gly_85,3.039566368164252
Gly_91,2.156405117667453
Gly_921,1.919294418089415
Gly_934,0.6689667419264821
Gly_970,2.675105913392019
His_1054,1.9724836584726482
His_1085,1.6455685498532855
His_1197,1.9230996896589627
His_1375,1.9047498245346997
His_139,1.783234819080477
His_147,2.3945305563307033
His_186,3.4625434435170854
His_199,4.743989784959876
His_484,5.292371698926913
His_620,1.8287289547341803
His_667,1.9230996896589627
His_775,1.9230996896589627
His_897,1.9230996896589627
His_939,2.5934194170323948
His_949,3.0407502304303335
His_950,2.3130131831519485
His_954,2.35943749630043
Ile_1002,4.3658303525372695
Ile_1005,5.681777822877293
Ile_1023,1.6498811909654396
Ile_1027,2.1741630516586756
Ile_105,1.8995070059277672
Ile_1051,1.90398877022079
Ile_1106,0.8818928266402831
Ile_1109,1.5353847975172716
Ile_1117,2.168243740328268
Ile_1131,1.6517415459549962
Ile_1139,1.516696686031271
Ile_1151,2.274960467456472
Ile_1167,2.4056926862680426
Ile_119,2.1653686462534987
Ile_1203,3.3209027795394777
Ile_121,7.069095275543943
Ile_1226,2.4198144718705867
Ile_1230,1.8879220680382556
Ile_1234,1.9010291145555862
Ile_125,2.1698504105465215
Ile_1269,3.085398750179693
Ile_1277,1.7742712904944313
Ile_1289,2.01890797162113
Ile_132,0.6392010620935756
Ile_1328,1.3974648435187766
Ile_1366,1.7381634913789457
Ile_1398,1.4770373001175405
Ile_1441,1.9088933424659846
Ile_1464,1.9230996896589627
Ile_148,1.630854833117701
Ile_154,1.8735465976644086
Ile_160,1.901621045688627
Ile_177,1.9122758060833602
Ile_255,1.8246699983933294
Ile_269,2.2701404568017116
Ile_285,2.5904597613671916
Ile_331,1.9087242192851162
Ile_336,2.3192707408440936
Ile_340,1.8838631116974045
Ile_344,1.9163347624242113
Ile_37,1.9002680602416768
Ile_371,2.106936587263333
Ile_444,2.0112128668916003
Ile_448,1.9768808611752366
Ile_471,1.2689312260584995
Ile_502,1.8913045316556312
Ile_506,2.3925010781602776
Ile_507,1.4345028201290408
Ile_521,2.350135721352647
Ile_530,1.9790794625265307
Ile_539,1.7423915709006654
Ile_546,2.785543350499336
Ile_556,2.1681591787378336
Ile_601,1.4983468209070074
Ile_616,1.6267113151864157
Ile_618,1.8839476732878389
Ile_661,2.049942075310552
Ile_705,1.9230996896589627
Ile_708,1.9230996896589627
Ile_752,1.9230996896589627
Ile_755,1.9264821532763385
Ile_783,1.9230996896589627
Ile_807,1.9230996896589627
Ile_853,2.303204038661559
Ile_86,2.8213129032530837
Ile_907,1.9077094801999035
Ile_918,1.6492046982419641
Ile_980,3.6758923361830584
Ile_982,1.8963782270816947
Ile_991,1.3873174526666496
Ile_995,2.785205104137598
Leu_102,3.616783784469418
Leu_1029,1.7787530547874544
Leu_1065,3.6218574798954823
Leu_1077,1.9190407333181116
Leu_1091,2.7555239858951266
Leu_1156,2.013580591423763
Leu_1187,1.9230996896589627
Leu_1227,1.635167474229855
Leu_1242,7.482939699129859
Leu_1254,2.6998824593892956
Leu_1279,1.8734620360739742
Leu_130,1.9025512231834052
Leu_1304,1.7880548297352374
Leu_1335,2.2188961329984696
Leu_1339,2.141099469798828
Leu_1346,1.9660569775996346
Leu_1361,1.4166603245473839
Leu_1369,3.855416592675274
Leu_138,1.5112001826530352
Leu_1431,2.7406411459786733
Leu_1436,2.308108610906754
Leu_1480,1.9230996896589627
Leu_15,2.1766153377812727
Leu_159,1.7436599947571811
Leu_172,1.7949043185604232
Leu_180,2.0553540170983533
Leu_183,1.9170958167381211
Leu_188,3.8460302561370567
Leu_206,2.1912444929264225
Leu_210,2.0024184614864233
Leu_214,1.9128677372164014
Leu_233,1.9066947411146906
Leu_24,1.6522489154976026
Leu_259,4.164742890484284
Leu_293,2.424127112982741
Leu_32,2.192597478373373
Leu_320,1.9131214219877044
Leu_327,7.956738290333766
Leu_333,3.3679190238209995
Leu_375,2.1442282486449002
Leu_387,1.9264821532763385
Leu_428,1.9230996896589627
Leu_435,1.9230996896589627
Leu_441,1.671106150164472
Leu_467,6.048014071048647
Leu_49,1.0998080451897139
Leu_548,2.9059590552779113
Leu_558,1.8952789264060474
Leu_6,7.27348063962387
Leu_610,2.4648012379816837
Leu_617,2.092983924841658
Leu_633,1.9791640241169657
Leu_636,1.9208165267172346
Leu_73,4.300633366312353
Leu_796,1.9230996896589627
Leu_802,1.9230996896589627
Leu_859,2.9986385583940063
Leu_88,4.581631531325841
Leu_889,2.5649221610560047
Leu_926,4.816797314323887
Leu_948,3.0432025165529315
Leu_964,4.278731914389845
Leu_967,2.019584464344605
Leu_986,2.7199235563222475
Leu_997,1.9459313190762488
Lys_1041,5.1143695510625165
Lys_1080,1.9330779573302215
Lys_1165,4.516772791462661
Lys_1174,2.038526260601909
Lys_1177,3.8650566139847955
Lys_1183,1.9230996896589627
Lys_1199,1.9230996896589627
Lys_1200,1.9230996896589627
Lys_1351,1.4230024438299633
Lys_1363,1.9411113084214886
Lys_14,2.172218135078684
Lys_1457,1.9243681135154787
Lys_1461,1.9230996896589627
Lys_26,3.5310383317689436
Lys_273,3.0698394175397654
Lys_283,2.0841895194364812
Lys_370,1.927496892361551
Lys_411,1.9230996896589627
Lys_447,3.771869741326095
Lys_52,1.6722900124305538
Lys_532,1.9180259942328992
Lys_536,1.4355175592142535
Lys_564,2.3367749900640127
Lys_64,1.9630127603439962
Lys_65,1.9438172793153892
Lys_68,5.944764369128254
Lys_684,1.9230996896589627
Lys_688,1.9230996896589627
Lys_786,1.9230996896589627
Lys_857,2.562385313342973
Lys_946,2.7979739042931917
Lys_951,1.9343463811867374
Lys_978,2.1870164134047028
Met_1,1.9230996896589627
Met_1028,1.8047134630508128
Met_1101,2.604412423788866
Met_1137,1.2530336470568335
Met_1140,1.648951013470661
Met_1157,2.763980144938566
Met_1191,1.9230996896589627
Met_1210,2.0795386319625897
Met_1354,2.0110437437107316
Met_142,3.053519030585927
Met_150,4.48227166256543
Met_152,2.750112044107325
Met_156,2.6946396407823636
Met_212,1.9932012481290746
Met_243,1.927496892361551
Met_244,2.2999061366346174
Met_265,4.356105769637314
Met_281,1.63237694174552
Met_348,3.3663969151931807
Met_394,1.985083335447373
Met_469,2.307516679773713
Met_498,1.564643107807571
Met_595,2.146173165224891
Met_645,2.0482508435018643
Met_837,1.9230996896589627
Met_952,1.6307702715272665
Met_961,1.7515242226675796
Phe_1016,1.6548703248010685
Phe_1052,1.5276896927877417
Phe_1074,1.2348529051134391
Phe_1090,2.3596066194812986
Phe_1099,2.5518996761291084
Phe_1111,4.383588286528493
Phe_1116,1.5072257879026187
Phe_1257,3.260187557607583
Phe_1300,2.4328369567974835
Phe_131,1.968340140541363
Phe_1331,1.9210702114885372
Phe_1337,2.299145082320708
Phe_1392,2.961262335422004
Phe_1413,3.054787454442443
Phe_1450,1.9149817769772612
Phe_17,1.9910026467777806
Phe_191,1.780867094548314
Phe_200,2.19792485857074
Phe_224,2.930228231732582
Phe_229,2.086303559197341
Phe_236,1.8852160971443546
Phe_305,1.3005572608809624
Phe_310,3.263147213272787
Phe_315,2.1858325511386214
Phe_316,3.094869648308345
Phe_337,1.5310721564051175
Phe_400,2.230903878840153
Phe_409,1.9569243258327198
Phe_490,1.859678496833168
Phe_508,3.2600184344267142
Phe_575,3.659656510819655
Phe_587,1.8617079750035936
Phe_626,3.4490135890475826
Phe_650,2.1767844609621414
Phe_653,2.1767844609621414
Phe_693,1.9230996896589627
Phe_78,2.5095343193214776
Phe_81,1.7495793060875888
Phe_83,1.9137133531207453
Phe_834,1.9230996896589627
Phe_87,1.8806497712608978
Phe_976,1.858579196157521
Phe_992,2.3297563780579584
Phe_994,1.8515605841514664
Pro_1013,3.478779268880489
Pro_1021,1.9159119544720393
Pro_1050,1.786025351564812
Pro_111,2.1855788663673184
Pro_1181,1.9230996896589627
Pro_1290,2.3336462112179404
Pro_1306,1.3905307931031565
Pro_1372,2.1313748868988727
Pro_1378,2.1900606306603407
Pro_140,1.2734129903515223
Pro_1443,1.9188716101372432
Pro_205,1.9161656392433426
Pro_355,2.11919801787632
Pro_439,1.8164675241211936
Pro_477,1.9220849505737503
Pro_499,1.8954480495869166
Pro_5,1.3976339666996453
Pro_574,2.297876658464192
Pro_638,1.9230996896589627
Pro_67,2.076578976297386
Pro_676,1.9230996896589627
Pro_704,1.9230996896589627
Pro_718,1.9230996896589627
Pro_731,1.9230996896589627
Pro_740,1.9230996896589627
Pro_750,1.9230996896589627
Pro_798,1.9230996896589627
Pro_888,3.3158290841134135
Pro_936,2.585555189121997
Pro_960,1.2515961000194489
Pro_99,2.2467168962513844
Ser_10,1.9202245955841934
Ser_1049,3.3803495776148558
Ser_1118,2.3042187777467715
Ser_1159,1.7904225542674004
Ser_118,5.317232806514625
Ser_1188,1.9230996896589627
Ser_1235,4.508654878780959
Ser_1248,2.0013191608107763
Ser_1251,1.7691975950683678
Ser_1255,0.7939487725885144
Ser_1311,2.14980931361357
Ser_1347,1.687849345070482
Ser_1359,1.8019229305664777
Ser_1362,1.6660324547384084
Ser_138,1.9230996896589627
Ser_1426,2.687536467185874
Ser_1442,2.0112128668916003
Ser_1444,1.9795022704787026
Ser_1455,1.9230996896589627
Ser_158,0.86912402648469
Ser_176,1.413616107291746
Ser_18,1.515681946946058
Ser_256,1.792029224485654
Ser_321,2.0562841945931316
Ser_35,1.9270740844093792
Ser_4,2.9081576566292053
Ser_42,3.1022265066761374
Ser_431,1.9230996896589627
Ser_459,2.067530886120906
Ser_466,3.2881774440413674
Ser_485,2.7007280752936396
Ser_492,2.3250209289936326
Ser_495,1.9700313723500509
Ser_519,1.9690166332648384
Ser_549,2.024319913408931
Ser_557,1.565826970073653
Ser_573,4.609959664121363
Ser_589,2.055523140279222
Ser_605,2.95136862934118
Ser_641,1.921408457850275
Ser_654,1.9230996896589627
Ser_686,1.9230996896589627
Ser_707,1.9230996896589627
Ser_737,1.9230996896589627
Ser_753,1.9230996896589627
Ser_756,1.9230996896589627
Ser_768,1.9247909214676506
Ser_776,1.9230996896589627
Ser_821,1.9230996896589627
Ser_877,1.9129522988068357
Ser_895,1.9230996896589627
Ser_898,1.9230996896589627
Ser_911,1.9905798388256084
Ser_912,1.950497644959706
Ser_945,1.780190601824839
Ser_977,2.2577099030078553
Ter_1481,1.9230996896589627
Thr_1036,1.9396737613841037
Thr_1053,1.9702850571213544
Thr_1057,1.891981024379106
Thr_1086,1.255739617950734
Thr_1171,1.2821228341662647
Thr_1216,1.6544475168488968
Thr_1220,2.287982952383368
Thr_1246,1.9682555789509286
Thr_1263,1.8916427780173688
Thr_1299,2.1670598780621866
Thr_135,0.35566604936705637
Thr_1380,1.764462146004042
Thr_1396,2.5740548128229195
Thr_1478,1.9230996896589627
Thr_164,1.5287044318729541
Thr_20,1.9828847340960785
Thr_291,2.149555628842267
Thr_338,1.6892868921078665
Thr_351,1.3856262208579617
Thr_360,1.8395528383097826
Thr_382,2.0531554157470593
Thr_388,1.9646194305622497
Thr_389,1.9249600446485193
Thr_390,2.115139061535469
Thr_438,1.9137133531207453
Thr_465,2.2724236197434395
Thr_547,1.8171440168446684
Thr_582,1.8896132998469435
Thr_599,0.0
Thr_629,1.2512578536577112
Thr_690,1.9230996896589627
Thr_757,1.9230996896589627
Thr_760,1.9247909214676506
Thr_854,2.4565142021191133
Thr_887,0.6445284422909424
Thr_896,1.9230996896589627
Thr_908,1.9259747837337324
Thr_910,1.9088933424659846
Thr_925,1.5332707577564118
Thr_94,3.240738391807673
Thr_990,1.9247909214676506
Trp_1089,1.870840626770508
Trp_1098,1.8329570342559
Trp_1282,1.6658633315575397
Trp_1310,1.791606416533482
Trp_216,3.1618424279323842
Trp_361,3.5778008912791632
Trp_401,2.0298164167871664
Trp_57,5.606010637848077
Trp_79,2.045713995788833
Tyr_1014,1.6558850638862812
Tyr_1032,1.8458103960019276
Tyr_109,1.8908817237034592
Tyr_1092,2.0874874214634227
Tyr_1182,1.9230996896589627
Tyr_1219,3.137826936249017
Tyr_122,1.632546064926389
Tyr_1307,2.666988000710317
Tyr_1381,2.096028142097296
Tyr_155,1.431965972416009
Tyr_161,1.6871728523470066
Tyr_28,4.345112762880844
Tyr_301,2.383960357526404
Tyr_325,1.7668298705362044
Tyr_38,2.6953161335058384
Tyr_380,1.6146190077542977
Tyr_515,3.1978656654574356
Tyr_563,1.9379825295754158
Tyr_569,2.331193925095343
Tyr_577,1.6454839882628511
Tyr_625,2.0874874214634227
Tyr_627,3.168861039938439
Tyr_84,1.8143534843603337
Tyr_849,1.3216976584895606
Tyr_89,1.1309267104695704
Tyr_903,1.9230996896589627
Tyr_913,1.8965473502625634
Tyr_919,1.878620293090472
Val_1001,3.890847899067285
Val_1008,2.1672290012430553
Val_1022,2.032015018138461
Val_11,2.0465596116931764
Val_1108,1.8739694056165805
Val_1114,1.9980212587838349
Val_1147,2.181858156388205
Val_1153,0.9059083183236507
Val_1163,1.8955326111773507
Val_1198,1.9230996896589627
Val_12,1.7779074388831104
Val_1240,1.2328234269430136
Val_1272,1.9733292743769923
Val_1288,2.3984203894906853
Val_1293,1.976965422765671
Val_1318,1.8770136228722187
Val_1322,2.567966378311643
Val_1327,2.7670243621942037
Val_1379,1.9245372366963474
Val_1415,0.9678074025216264
Val_1421,2.0259265836271845
Val_1475,1.9230996896589627
Val_171,1.9734138359674267
Val_201,1.156887118732929
Val_208,1.758289149902331
Val_232,1.9247909214676506
Val_260,1.7693667182492365
Val_272,1.650895930050652
Val_317,1.8694876413235575
Val_322,2.5182441631362202
Val_43,1.9262284685050353
Val_440,1.3551840483015805
Val_456,1.6216376197603521
Val_470,2.657432540991231
Val_510,1.9584464344605392
Val_520,3.1354592117168534
Val_540,1.7928748403899977
Val_562,2.091123569852101
Val_603,3.269996702097973
Val_714,1.9230996896589627
Val_754,1.9247909214676506
Val_769,1.9366295441284656
Val_794,1.9230996896589627
Val_855,1.9693548796265756
Val_862,2.109557996566799
Val_874,2.1505703679274797
Val_905,1.941026746831054
Val_915,1.941026746831054
Val_920,3.546851349180175
Val_922,1.2600522590628882
Val_938,3.6205890560389657
Val_944,1.8612006054609875
Val_97,1.6558850638862812
