Mutation,Delta_InterhelicalContacts_Score
Ala_1004,0.0
Ala_1006,0.053147846904339456
Ala_1009,0.2854672816394791
Ala_1018,0.20664235246880103
Ala_1025,0.009163421880058526
Ala_1031,1.4000611317142955
Ala_1067,0.38775946409975554
Ala_1081,0.0
Ala_1136,0.31390817844521474
Ala_1146,0.32272317786610166
Ala_120,2.693464998499029
Ala_1217,2.2474719559067515
Ala_1225,1.8026336390316922
Ala_1256,1.85883248773863
Ala_1285,1.7321484790800412
Ala_1364,1.8589635303749596
Ala_141,0.2746150251577699
Ala_1440,0.2371862837962848
Ala_1466,0.0
Ala_196,2.3026060020816312
Ala_198,0.5028379857985883
Ala_204,0.20893004884476804
Ala_209,0.02749026564017558
Ala_221,0.05721734062787615
Ala_234,0.10629569380867891
Ala_252,1.411166969529013
Ala_280,0.2391613835471981
Ala_299,0.23293451888429495
Ala_300,0.0
Ala_309,0.0
Ala_349,0.33899510779109826
Ala_399,3.030078490901937
Ala_412,0.0
Ala_455,0.3993072335574531
Ala_46,4.474221757565593
Ala_462,6.292362859915148
Ala_534,1.8356231872851538
Ala_559,1.825629179813343
Ala_561,4.368423561302763
Ala_566,0.4334827910972954
Ala_675,0.0
Ala_72,1.7150506765900884
Ala_747,0.0
Ala_800,0.0
Ala_876,0.015174921709837147
Ala_9,2.7091928470481124
Ala_959,2.7483104230112483
Arg_104,0.0
Arg_1066,8.479305993280065
Arg_1070,1.8024795093945385
Arg_1097,0.0
Arg_1102,8.39673953557653
Arg_1158,2.8938687720426772
Arg_1162,1.8502771146199013
Arg_117,5.155702789146554
Arg_1259,0.0
Arg_1283,2.476407437402863
Arg_1358,0.0
Arg_1385,0.0
Arg_1386,0.0
Arg_1403,0.11163435783487573
Arg_1422,8.902973598704815
Arg_1438,0.5108601038420848
Arg_1453,0.0
Arg_1479,0.0
Arg_153,0.505898516111881
Arg_170,5.074325209528321
Arg_183,0.0
Arg_21,0.10066031400858641
Arg_242,0.06575799407596097
Arg_248,0.01374513282008779
Arg_258,0.0
Arg_29,0.05344183048878856
Arg_297,6.3523908379790495
Arg_3,0.10149451975135526
Arg_31,0.0
Arg_334,4.063641476199294
Arg_347,4.43458180405646
Arg_352,10.0
Arg_450,1.6400610925073769
Arg_487,5.990462039344896
Arg_553,6.417781967317076
Arg_560,2.6523596864087917
Arg_668,0.0
Arg_709,0.0
Arg_74,9.361915033522196
Arg_75,3.8028938493393447
Arg_751,0.0
Arg_764,0.08430512061020635
Arg_765,0.07418850613698161
Arg_766,0.01832684376011705
Arg_785,0.0
Arg_792,0.0
Arg_810,0.0
Arg_811,0.0
Arg_851,0.023605433770857782
Asn_1148,4.082767007239374
Asn_1184,0.0
Asn_1224,2.7555050974808584
Asn_1229,2.364296722337981
Asn_1303,2.8370149492206624
Asn_1419,1.4222960309540262
Asn_1432,5.432679928690333
Asn_187,3.04001956220322
Asn_287,2.750952620967907
Asn_306,1.4504599520546178
Asn_369,0.0
Asn_396,0.24278269574439587
Asn_416,0.0
Asn_418,0.0
Asn_423,0.0
Asn_48,0.12090102232364593
Asn_538,5.3284922556491505
Asn_597,0.03793730427459287
Asn_635,0.016494159384105346
Asn_699,0.0
Asn_703,0.0
Asn_801,0.0
Asn_847,0.0
Asn_894,0.0
Asn_901,0.04581710940029263
Asn_965,4.267158613769655
Asp_110,0.5187386111777986
Asp_112,0.0
Asp_1152,0.10285224714445178
Asp_1154,5.898186883052519
Asp_1168,0.0
Asp_1201,0.0
Asp_1270,0.14853971415550546
Asp_1312,0.0
Asp_1341,0.0
Asp_1370,0.0
Asp_1377,0.009163421880058526
Asp_1394,0.0
Asp_1445,0.0
Asp_373,0.04552476512951144
Asp_44,0.20491987778458964
Asp_443,4.835149089234295
Asp_513,0.0
Asp_565,9.097138656713833
Asp_567,0.08940229324169603
Asp_572,6.8729047746306655
Asp_579,0.0
Asp_58,0.22194271582660308
Asp_614,0.0
Asp_648,2.2762382564755717
Asp_651,1.3745132820087789
Asp_674,0.0
Asp_727,0.0
Asp_806,0.0
Asp_828,0.0
Asp_836,0.0
Asp_891,0.0
Asp_924,0.09745671942539856
Asp_979,0.0
Asp_984,0.1299468234480303
Asp_985,2.4093293859957994
Asp_993,0.0
Cys_1344,4.819137007601851
Cys_1355,0.0
Cys_1395,5.187412750625082
Cys_1410,9.977519972138362
Cys_187,0.0
Cys_190,1.788111608142477
Cys_225,0.404705834989634
Cys_276,8.703819255395093
Cys_343,2.107825211028465
Cys_491,9.31435932951996
Cys_524,8.513952443671018
Cys_592,0.7994316308260018
Cys_76,9.585528073366952
Cys_832,0.0
Cys_866,6.1348289147110515
Gln_1039,2.7221719422521247
Gln_1071,1.9297866621611501
Gln_1100,0.03951326529973282
Gln_1186,0.0
Gln_1209,6.744831157343377
Gln_1238,0.14826687088689902
Gln_1268,6.750796824695188
Gln_1281,0.0683019185934626
Gln_1291,1.913722839691061
Gln_1309,0.05058307236612382
Gln_1313,0.04552476512951144
Gln_1330,0.03856007270656658
Gln_1352,7.9160536807536355
Gln_1382,1.8527790317246624
Gln_1411,4.9999994108716495
Gln_151,2.638640133712395
Gln_179,0.3135067173584122
Gln_207,0.5439964389735629
Gln_220,0.08251645863665226
Gln_237,0.28613108414170313
Gln_290,7.853620556319919
Gln_353,1.7170204827239495
Gln_378,8.659569466470813
Gln_39,1.7540945858952715
Gln_414,0.0
Gln_452,0.7901782345322323
Gln_493,0.7838663475489882
Gln_652,2.2762382564755717
Gln_715,0.0
Gln_720,0.0
Gln_744,0.0
Gln_767,0.10968237923715403
Gln_781,0.0
Gln_799,0.0
Gln_890,7.578265329812527
Gln_98,0.7737928675166516
Glu_1044,2.907998153156054
Glu_116,9.261929126326123
Glu_1172,0.30469082997595504
Glu_1228,5.622417815224892
Glu_1264,0.0
Glu_1409,0.5925647606894306
Glu_1433,0.14999272665555052
Glu_144,8.678898852995973
Glu_185,0.39803785834058436
Glu_193,0.0
Glu_217,0.0
Glu_257,0.0
Glu_279,2.647814416045505
Glu_282,0.04712275443206422
Glu_379,0.15290664085266753
Glu_384,0.022908554700146314
Glu_407,0.11761392520049789
Glu_449,0.0
Glu_474,6.027717457438366
Glu_479,5.9364631495803355
Glu_527,0.0
Glu_528,5.653253868832765
Glu_54,0.0
Glu_56,0.41124881397150304
Glu_583,0.0
Glu_585,6.2685748475845235
Glu_588,2.8762451938461027
Glu_60,0.08745704266048628
Glu_656,2.2762382564755717
Glu_672,0.0
Glu_681,0.0
Glu_695,0.0
Glu_7,4.094595884838754
Glu_725,0.0
Glu_823,0.0
Glu_826,0.0
Glu_873,0.06781014156926705
Gly_1003,3.1827709622543603
Gly_1047,2.2224552779820135
Gly_1061,2.2996054091743234
Gly_1069,9.059316582529144
Gly_1130,0.4796292317830021
Gly_1173,0.11465414437304669
Gly_1208,0.5927487736486566
Gly_1223,8.315441735890147
Gly_1237,5.508642342977856
Gly_1241,0.7483889017378643
Gly_1244,5.917611998665421
Gly_1249,5.509237243077479
Gly_126,4.96932061184261
Gly_134,0.0
Gly_1343,2.279928078323142
Gly_1349,0.51609197341329
Gly_149,5.234889391895213
Gly_152,0.0
Gly_178,0.7263961427878334
Gly_194,0.3185858916919224
Gly_213,5.137380914555985
Gly_226,3.2083269402234835
Gly_239,0.15546943455353462
Gly_241,5.4164078963082325
Gly_253,0.0
Gly_314,7.222962295500464
Gly_404,0.23897368213221998
Gly_406,0.3600629523087335
Gly_424,0.0
Gly_437,0.36588422344829563
Gly_451,0.37416132307189237
Gly_480,0.43483283420757357
Gly_500,0.7211628729695383
Gly_542,0.10584010121846626
Gly_544,2.017381851150527
Gly_551,0.6235522629735624
Gly_576,0.27028901299756986
Gly_622,1.52941442115743
Gly_628,6.142781737599709
Gly_691,0.0
Gly_723,0.0
Gly_817,0.0
Gly_85,4.683634174457151
Gly_91,0.9480232224286232
Gly_921,0.8768423445867763
Gly_934,0.6065004978757835
Gly_970,4.234704677104823
His_1054,1.3745132820087789
His_1085,0.0
His_1197,0.0
His_1375,0.0830215038558476
His_139,0.07268460660849449
His_147,2.717490779616239
His_186,6.4161323054816135
His_199,8.29960943232329
His_484,9.232218239560895
His_620,0.1954652728142648
His_667,0.0
His_775,0.0
His_897,0.0
His_939,4.028585709676876
His_949,5.570466906364729
His_950,2.189692996661953
His_954,2.389412766577654
Ile_1002,7.7991095347197685
Ile_1005,9.785939360431573
Ile_1023,0.0
Ile_1027,1.7931699153790894
Ile_105,0.01374513282008779
Ile_1051,0.011802716885428891
Ile_1106,0.01832684376011705
Ile_1109,0.024279874735739435
Ile_1117,1.8024795093945385
Ile_1131,0.022908554700146314
Ile_1139,0.01832684376011705
Ile_1151,2.2899833892956596
Ile_1167,2.6470078054161466
Ile_119,1.7841526656344215
Ile_1203,5.901898050130151
Ile_121,8.909107534774165
Ile_1226,2.665423530714197
Ile_1230,0.02096613876548742
Ile_1234,0.022908554700146314
Ile_125,1.820162324873551
Ile_1269,5.50222145871188
Ile_1277,0.06964282594527875
Ile_1289,1.4065852585889835
Ile_132,0.0
Ile_1328,0.009163421880058526
Ile_1366,0.37348595999307244
Ile_1398,0.009163421880058526
Ile_1441,0.04552476512951144
Ile_1464,0.0
Ile_148,0.0
Ile_154,0.0
Ile_160,0.01832684376011705
Ile_177,0.47706478169228295
Ile_255,0.2061006959110219
Ile_269,2.2762382564755717
Ile_285,3.1119579737214913
Ile_331,0.03928618620435617
Ile_336,2.451443251667866
Ile_340,0.0
Ile_344,0.01770407532814334
Ile_37,0.009163421880058526
Ile_371,1.716586952563517
Ile_444,1.3836767038888376
Ile_448,1.404020074222351
Ile_471,0.009163421880058526
Ile_502,0.0
Ile_506,2.6240992507160006
Ile_507,0.19003388510872546
Ile_521,2.561541504291154
Ile_530,0.32742616386518986
Ile_539,0.009163421880058526
Ile_546,5.007712586593479
Ile_556,1.796556891102693
Ile_601,0.011802716885428891
Ile_616,0.02276238256475572
Ile_618,0.0
Ile_661,1.3745132820087789
Ile_705,0.0
Ile_708,0.0
Ile_752,0.0
Ile_755,0.023605433770857782
Ile_783,0.0
Ile_807,0.0
Ile_853,2.3266370768158935
Ile_86,4.881266483330949
Ile_907,0.0
Ile_918,0.01374513282008779
Ile_980,7.081531601675419
Ile_982,0.0
Ile_991,0.0
Ile_995,4.828154257346519
Leu_102,6.5917005111084706
Leu_1029,0.05135997043525125
Leu_1065,7.003950996959621
Leu_1077,0.06700353093990839
Leu_1091,4.504544176633701
Leu_1156,0.3567183767501034
Leu_1187,0.0
Leu_1227,0.009163421880058526
Leu_1242,9.339233421307956
Leu_1254,4.362664549930216
Leu_1279,0.7506888588139726
Leu_130,0.03192580444481424
Leu_1304,0.032071976580204845
Leu_1335,0.8235479498709987
Leu_1339,1.779570954694392
Leu_1346,0.2535239741060229
Leu_1361,0.11580128826455013
Leu_1369,6.960926782840149
Leu_138,0.0
Leu_1431,4.405107678582959
Leu_1436,2.188604577767366
Leu_1480,0.0
Leu_15,1.858103044384953
Leu_159,0.0
Leu_172,0.06649090389499886
Leu_180,1.453231416724465
Leu_183,0.06484083223112115
Leu_188,7.374336109768881
Leu_206,0.6145710439772211
Leu_210,0.42732289922820077
Leu_214,0.0659261944887644
Leu_233,0.01466147500809364
Leu_24,0.025657581264163874
Leu_259,7.044568083871946
Leu_293,2.70008400065225
Leu_32,1.916035108695862
Leu_320,0.01770407532814334
Leu_327,9.032716498363042
Leu_333,6.194681998498016
Leu_375,1.8681800933397543
Leu_387,0.023605433770857782
Leu_428,0.0
Leu_435,0.0
Leu_441,0.0975287809220514
Leu_467,9.43839905692743
Leu_49,0.009163421880058526
Leu_548,5.130265080828101
Leu_558,0.01374513282008779
Leu_6,9.338745383968064
Leu_610,2.816688877061584
Leu_617,0.8101294502992452
Leu_633,0.35612733586807777
Leu_636,0.06044296348847684
Leu_73,7.959489669975123
Leu_796,0.0
Leu_802,0.0
Leu_859,5.508213935672639
Leu_88,8.357054176494033
Leu_889,3.8501047168810603
Leu_926,8.322867246215619
Leu_948,5.558964354642365
Leu_964,7.938343787296372
Leu_967,1.4064390864535934
Leu_986,4.781206807019818
Leu_997,0.6405120898964647
Lys_1041,8.841705821374804
Lys_1080,0.06216885340949642
Lys_1165,7.829389912222762
Lys_1174,1.3745132820087789
Lys_1177,6.4104692451871905
Lys_1183,0.0
Lys_1199,0.0
Lys_1200,0.0
Lys_1351,0.13333262091493514
Lys_1363,0.09141557534012483
Lys_14,1.8306666541054253
Lys_1457,0.01374513282008779
Lys_1461,0.0
Lys_26,6.661248291013367
Lys_273,5.38831550734259
Lys_283,1.492445729270193
Lys_370,0.06890991612624087
Lys_411,0.0
Lys_447,6.664945148248761
Lys_52,0.0481708564561301
Lys_532,0.009163421880058526
Lys_536,0.14634554403953076
Lys_564,2.146036348990337
Lys_64,0.26046330839566706
Lys_65,0.07587460854918573
Lys_68,9.121706401760129
Lys_684,0.0
Lys_688,0.0
Lys_786,0.0
Lys_857,3.8444103217889225
Lys_946,5.019585349985843
Lys_951,0.11563831316406331
Lys_978,0.7322227758491856
Met_1,0.0
Met_1028,0.10017487224867007
Met_1101,3.2736652016957186
Met_1137,0.0
Met_1140,0.07228212095064913
Met_1157,4.963614109735988
Met_1191,0.0
Met_1210,1.5743163837026
Met_1354,1.3922173573369223
Met_142,5.361902492772637
Met_150,7.759274588265069
Met_152,4.923587875867664
Met_156,4.70262118349229
Met_212,1.3972756645735345
Met_243,0.07972979616300843
Met_244,2.3711361780271694
Met_265,8.065298282710218
Met_281,0.0
Met_348,6.14107097717776
Met_394,1.3954794207742665
Met_469,2.409630131749129
Met_498,0.17076566547479854
Met_595,1.7940129665851914
Met_645,1.3745132820087789
Met_837,0.0
Met_952,0.0
Met_961,0.009163421880058526
Phe_1016,0.016494159384105346
Phe_1052,0.049541766663306244
Phe_1074,0.01832684376011705
Phe_1090,2.595992568984313
Phe_1099,3.096941177475875
Phe_1111,7.916843061513288
Phe_1116,0.0
Phe_1257,5.895854105550685
Phe_1300,2.743402283737094
Phe_131,1.392840125768896
Phe_1331,0.07756071096138986
Phe_1337,2.3234491240172876
Phe_1392,5.197886769630293
Phe_1413,5.45403547275669
Phe_1450,0.0
Phe_17,1.3896882037186162
Phe_191,0.01913345438947571
Phe_200,1.934098364479123
Phe_224,5.149545117181384
Phe_229,1.5288369046131653
Phe_236,0.0
Phe_305,0.16502110055394814
Phe_310,5.93894780266302
Phe_315,1.8929867683531567
Phe_316,5.520561997571598
Phe_337,0.04581710940029263
Phe_400,2.3023876147639313
Phe_409,0.18884347016686226
Phe_490,0.01832684376011705
Phe_508,5.939835354404744
Phe_575,7.040040709349534
Phe_587,0.009163421880058526
Phe_626,6.44226648304236
Phe_650,1.7704075328143336
Phe_653,1.7704075328143336
Phe_693,0.0
Phe_78,2.9844465556413846
Phe_81,0.044850324164629786
Phe_83,0.07781702448384463
Phe_834,0.0
Phe_87,0.0
Phe_976,0.01374513282008779
Phe_992,2.5027994994949965
Phe_994,0.3040892360121921
Pro_1013,6.4979183815744666
Pro_1021,0.00733073750404682
Pro_1050,0.0
Pro_111,1.8790128146669196
Pro_1181,0.0
Pro_1290,2.46651103739903
Pro_1306,0.009163421880058526
Pro_1372,1.7949292063160929
Pro_1378,1.8712140189583102
Pro_140,0.0
Pro_1443,0.0
Pro_205,0.00733073750404682
Pro_355,1.7302223879773253
Pro_439,0.15353777661482132
Pro_477,0.04398442502428092
Pro_499,0.02276238256475572
Pro_5,0.03378659621975742
Pro_574,2.1332496682281015
Pro_638,0.0
Pro_67,0.5987812771848051
Pro_676,0.0
Pro_704,0.0
Pro_718,0.0
Pro_731,0.0
Pro_740,0.0
Pro_750,0.0
Pro_798,0.0
Pro_888,5.876606513947089
Pro_936,3.974164952785571
Pro_960,0.0
Pro_99,2.1807465618525024
Ser_10,0.01770407532814334
Ser_1049,6.169394936275186
Ser_1118,0.8516442151304191
Ser_1159,0.05131516252832775
Ser_118,9.209073965216248
Ser_1188,0.0
Ser_1235,7.770974848046252
Ser_1248,0.33138234003143097
Ser_1251,0.45264076688705424
Ser_1255,0.17429811321024713
Ser_1311,1.7704075328143336
Ser_1347,0.5714401549360429
Ser_1359,0.10612110690304416
Ser_1362,0.06407189166375683
Ser_138,0.0
Ser_1426,4.2284271303276855
Ser_1442,0.3915712782061143
Ser_1444,0.2771807559622921
Ser_1455,0.0
Ser_158,0.4735091957274589
Ser_176,0.0366536875202341
Ser_18,0.0
Ser_256,0.0
Ser_321,1.4393541142399
Ser_35,0.03262947983677403
Ser_4,5.247667329651221
Ser_42,5.499911836515604
Ser_431,0.0
Ser_459,0.565420714680687
Ser_466,6.008633575211163
Ser_485,4.694841205738493
Ser_492,0.9210401877592007
Ser_495,0.6425068614113929
Ser_519,0.25626273788343196
Ser_549,0.47825091051195234
Ser_557,0.18975178654836886
Ser_573,8.40704378316
Ser_589,1.4402704564279059
Ser_605,5.1736498585736
Ser_641,0.0
Ser_654,0.0
Ser_686,0.0
Ser_707,0.0
Ser_737,0.0
Ser_753,0.0
Ser_756,0.0
Ser_768,0.01832684376011705
Ser_776,0.0
Ser_821,0.0
Ser_877,0.0
Ser_895,0.0
Ser_898,0.0
Ser_911,0.309915630006967
Ser_912,0.17808117102268084
Ser_945,0.551968301807428
Ser_977,2.1049279802631564
Ter_1481,0.0
Thr_1036,0.15423947116943235
Thr_1053,0.2928492306194648
Thr_1057,0.0
Thr_1086,0.0
Thr_1171,0.0
Thr_1216,0.0
Thr_1220,2.2762382564755717
Thr_1246,0.2618136588772578
Thr_1263,0.47855944300520414
Thr_1299,1.7931699153790894
Thr_135,0.0
Thr_1380,0.44686413289257465
Thr_1396,3.9177826887858496
Thr_1478,0.0
Thr_164,0.0
Thr_20,1.3836767038888376
Thr_291,1.6973964295669772
Thr_338,0.1682730207379719
Thr_351,0.0
Thr_360,0.2517163063396312
Thr_382,1.4305207066926173
Thr_388,0.24727820610738638
Thr_389,0.07382843772029399
Thr_390,1.693871222133561
Thr_438,0.0
Thr_465,2.242626383770922
Thr_547,0.14222572680162532
Thr_582,0.011802716885428891
Thr_599,0.016494159384105346
Thr_629,0.0
Thr_690,0.0
Thr_757,0.0
Thr_760,0.01832684376011705
Thr_854,2.7897985319191356
Thr_887,0.0
Thr_896,0.0
Thr_908,0.030349843419674293
Thr_910,0.023605433770857782
Thr_925,0.08157685868598262
Thr_94,5.854630557962144
Thr_990,0.05435776284837744
Trp_1089,0.009163421880058526
Trp_1098,0.03540815065628668
Trp_1282,0.01832684376011705
Trp_1310,0.0
Trp_216,5.7356645405092905
Trp_361,6.919303413478472
Trp_401,1.779570954694392
Trp_57,9.893161812900527
Trp_79,1.4006626402971385
Tyr_1014,0.01743290552557295
Tyr_1032,0.0
Tyr_109,0.0
Tyr_1092,1.5532917760829563
Tyr_1182,0.0
Tyr_1219,5.769063951332097
Tyr_122,0.0
Tyr_1307,4.584402317395958
Tyr_1381,1.6080087535388192
Tyr_155,0.6146657143415443
Tyr_161,0.015174921709837147
Tyr_28,7.999878294621116
Tyr_301,2.6410851871243013
Tyr_325,0.029506792213572226
Tyr_38,4.689673576771652
Tyr_380,0.0
Tyr_515,5.602075264548213
Tyr_563,0.15542892984498927
Tyr_569,2.4572526377833364
Tyr_577,0.009163421880058526
Tyr_625,1.6729128359556287
Tyr_627,5.619779339876356
Tyr_84,0.08234135944549631
Tyr_849,0.0
Tyr_89,0.04402923293120442
Tyr_903,0.0
Tyr_913,0.01832684376011705
Tyr_919,0.026867497208201863
Val_1001,6.706218899818381
Val_1008,1.8324628979046937
Val_1022,0.5053052894782981
Val_11,1.3745132820087789
Val_1108,0.4295269564547354
Val_1114,0.40256065644567235
Val_1147,1.9655997915981518
Val_1153,0.5273763256559716
Val_1163,0.0
Val_1198,0.0
Val_12,0.009163421880058526
Val_1240,0.0
Val_1272,0.24275520308809
Val_1288,2.6528731331105346
Val_1293,0.3129878745825115
Val_1318,0.0
Val_1322,3.078173802319867
Val_1327,4.985363550139618
Val_1379,0.05311222598443001
Val_1415,0.0
Val_1421,0.5150004808055764
Val_1475,0.0
Val_171,0.2945551243289724
Val_201,0.5577950544020676
Val_208,0.0
Val_232,0.01832684376011705
Val_260,0.0
Val_272,0.01374513282008779
Val_317,0.0
Val_322,3.083794530754054
Val_43,0.04123539846026336
Val_440,0.0
Val_456,0.0
Val_470,4.296466417210597
Val_510,0.21631624979458003
Val_520,5.715366797739527
Val_540,0.011802716885428891
Val_562,1.6236410096096419
Val_603,6.01678466967272
Val_714,0.0
Val_754,0.01832684376011705
Val_769,0.06757319243951485
Val_794,0.0
Val_855,0.2798081659435697
Val_862,1.7176793502089853
Val_874,1.8656952011904824
Val_905,0.10480511370374379
Val_915,0.14160289006491544
Val_920,6.84321740177086
Val_922,0.0
Val_938,6.861760925230271
Val_944,0.0
Val_97,0.0
