Mutation,LocationScore
Ala_1004,0.0
Ala_1006,0.0
Ala_1009,0.5821205821205822
Ala_1018,0.35343035343035345
Ala_1025,3.9293139293139294
Ala_1031,0.0
Ala_1067,1.434511434511435
Ala_1081,0.02079002079002079
Ala_1136,0.02079002079002079
Ala_1146,0.27027027027027023
Ala_120,0.2079002079002079
Ala_1217,0.04158004158004158
Ala_1225,0.16632016632016633
Ala_1256,0.08316008316008316
Ala_1285,2.307692307692308
Ala_1364,0.02079002079002079
Ala_141,1.1434511434511436
Ala_1440,0.0
Ala_1466,0.0
Ala_196,0.02079002079002079
Ala_198,0.04158004158004158
Ala_204,0.062370062370062374
Ala_209,0.0
Ala_221,0.0
Ala_234,0.6237006237006237
Ala_252,0.31185031185031187
Ala_280,0.0
Ala_299,0.997920997920998
Ala_300,1.4760914760914765
Ala_309,0.9771309771309772
Ala_349,0.35343035343035345
Ala_399,0.02079002079002079
Ala_412,0.0
Ala_455,0.02079002079002079
Ala_46,0.12474012474012475
Ala_462,0.12474012474012475
Ala_534,0.02079002079002079
Ala_559,0.0
Ala_561,10.0
Ala_566,3.0561330561330564
Ala_675,1.3513513513513513
Ala_72,0.39501039501039503
Ala_747,1.995841995841996
Ala_800,0.12474012474012475
Ala_876,0.8731808731808733
Ala_9,0.498960498960499
Ala_959,1.5176715176715176
Arg_104,0.10395010395010396
Arg_1066,0.0
Arg_1070,0.9771309771309772
Arg_1097,0.02079002079002079
Arg_1102,0.2910602910602911
Arg_1158,0.0
Arg_1162,0.6444906444906445
Arg_117,1.9542619542619544
Arg_1259,0.6029106029106029
Arg_1283,0.10395010395010396
Arg_1358,0.12474012474012475
Arg_1385,2.120582120582121
Arg_1386,0.0
Arg_1403,1.3513513513513513
Arg_1422,1.1642411642411643
Arg_1438,1.5592515592515594
Arg_1453,2.7442827442827444
Arg_1479,0.0
Arg_153,0.31185031185031187
Arg_170,0.04158004158004158
Arg_183,1.1018711018711018
Arg_21,1.1850311850311852
Arg_242,0.8108108108108109
Arg_248,0.0
Arg_258,0.0
Arg_29,5.0519750519750515
Arg_297,0.0
Arg_3,0.4158004158004158
Arg_31,0.062370062370062374
Arg_334,0.16632016632016633
Arg_347,0.2494802494802495
Arg_352,0.062370062370062374
Arg_450,0.35343035343035345
Arg_487,0.27027027027027023
Arg_553,0.7276507276507277
Arg_560,0.2910602910602911
Arg_668,0.02079002079002079
Arg_709,0.16632016632016633
Arg_74,0.6860706860706861
Arg_75,1.1434511434511436
Arg_751,0.9147609147609149
Arg_764,0.9563409563409564
Arg_765,0.9563409563409564
Arg_766,0.5405405405405405
Arg_785,0.6444906444906446
Arg_792,0.22869022869022873
Arg_810,0.0
Arg_811,0.6444906444906445
Arg_851,0.10395010395010396
Asn_1148,0.0
Asn_1184,0.6029106029106029
Asn_1224,0.0
Asn_1229,1.2058212058212059
Asn_1303,0.0
Asn_1419,0.02079002079002079
Asn_1432,0.6237006237006237
Asn_187,0.9771309771309772
Asn_287,0.0
Asn_306,0.0
Asn_369,0.0
Asn_396,0.0
Asn_416,0.0
Asn_418,0.0
Asn_423,0.0
Asn_48,0.0
Asn_538,0.0
Asn_597,0.0
Asn_635,0.0
Asn_699,0.0
Asn_703,0.0
Asn_801,0.2079002079002079
Asn_847,0.0
Asn_894,0.0
Asn_901,0.14553014553014557
Asn_965,0.8731808731808733
Asp_110,1.6216216216216217
Asp_112,1.1434511434511436
Asp_1152,0.7276507276507277
Asp_1154,0.0
Asp_1168,0.4158004158004158
Asp_1201,0.5405405405405405
Asp_1270,0.0
Asp_1312,0.22869022869022873
Asp_1341,3.4927234927234934
Asp_1370,0.5821205821205822
Asp_1377,0.45738045738045746
Asp_1394,0.062370062370062374
Asp_1445,0.08316008316008316
Asp_373,0.22869022869022868
Asp_44,0.02079002079002079
Asp_443,0.02079002079002079
Asp_513,0.02079002079002079
Asp_565,0.8108108108108109
Asp_567,0.5405405405405407
Asp_572,1.1018711018711018
Asp_579,0.0
Asp_58,1.7879417879417883
Asp_614,2.3076923076923075
Asp_648,2.88981288981289
Asp_651,0.6652806652806653
Asp_674,1.288981288981289
Asp_727,2.4532224532224536
Asp_806,0.02079002079002079
Asp_828,0.4781704781704782
Asp_836,1.808731808731809
Asp_891,0.08316008316008316
Asp_924,0.33264033264033266
Asp_979,0.7900207900207901
Asp_984,0.08316008316008316
Asp_985,0.2494802494802495
Asp_993,0.5197505197505198
Cys_1344,0.0
Cys_1355,1.5592515592515594
Cys_1395,0.5405405405405405
Cys_1410,0.33264033264033266
Cys_187,0.2910602910602911
Cys_190,0.04158004158004158
Cys_225,2.8274428274428276
Cys_276,0.0
Cys_343,0.18711018711018712
Cys_491,0.2494802494802495
Cys_524,0.45738045738045746
Cys_592,0.02079002079002079
Cys_76,0.02079002079002079
Cys_832,0.5613305613305613
Cys_866,1.9126819126819128
Gln_1039,0.35343035343035345
Gln_1071,0.04158004158004158
Gln_1100,0.02079002079002079
Gln_1186,0.29106029106029113
Gln_1209,2.079002079002079
Gln_1238,0.16632016632016633
Gln_1268,0.0
Gln_1281,0.062370062370062374
Gln_1291,0.0
Gln_1309,0.45738045738045746
Gln_1313,0.0
Gln_1330,0.02079002079002079
Gln_1352,0.0
Gln_1382,0.0
Gln_1411,0.0
Gln_151,0.04158004158004158
Gln_179,2.2037422037422036
Gln_207,0.7484407484407485
Gln_220,0.0
Gln_237,0.49896049896049893
Gln_290,0.062370062370062374
Gln_353,2.7027027027027026
Gln_378,0.4158004158004158
Gln_39,0.8316008316008316
Gln_414,0.0
Gln_452,0.0
Gln_493,0.33264033264033266
Gln_652,0.02079002079002079
Gln_715,0.498960498960499
Gln_720,0.6652806652806653
Gln_744,0.7484407484407485
Gln_767,0.02079002079002079
Gln_781,0.02079002079002079
Gln_799,0.997920997920998
Gln_890,0.04158004158004158
Gln_98,0.0
Glu_1044,0.0
Glu_116,0.14553014553014554
Glu_1172,0.31185031185031187
Glu_1228,0.062370062370062374
Glu_1264,0.12474012474012475
Glu_1409,0.33264033264033266
Glu_1433,1.8295218295218298
Glu_144,1.0187110187110187
Glu_185,0.0
Glu_193,0.7484407484407485
Glu_217,0.18711018711018712
Glu_257,0.2494802494802495
Glu_279,0.062370062370062374
Glu_282,0.02079002079002079
Glu_379,1.0395010395010396
Glu_384,0.7900207900207901
Glu_407,1.1850311850311852
Glu_449,0.08316008316008316
Glu_474,0.0
Glu_479,0.0
Glu_527,0.6444906444906445
Glu_528,0.33264033264033266
Glu_54,0.0
Glu_56,2.5571725571725574
Glu_583,0.22869022869022873
Glu_585,0.0
Glu_588,0.10395010395010396
Glu_60,0.0
Glu_656,0.31185031185031187
Glu_672,1.2681912681912682
Glu_681,0.2910602910602911
Glu_695,5.0519750519750515
Glu_7,0.5405405405405405
Glu_725,0.45738045738045746
Glu_823,0.0
Glu_826,0.04158004158004158
Glu_873,0.12474012474012475
Gly_1003,0.7484407484407485
Gly_1047,0.9147609147609149
Gly_1061,1.3929313929313931
Gly_1069,1.288981288981289
Gly_1130,0.16632016632016633
Gly_1173,0.12474012474012475
Gly_1208,0.9563409563409564
Gly_1223,4.636174636174636
Gly_1237,4.178794178794179
Gly_1241,0.22869022869022873
Gly_1244,0.02079002079002079
Gly_1249,0.5197505197505197
Gly_126,0.0
Gly_134,0.18711018711018712
Gly_1343,0.0
Gly_1349,0.0
Gly_149,0.0
Gly_152,0.0
Gly_178,0.0
Gly_194,0.0
Gly_213,0.0
Gly_226,0.0
Gly_239,0.7276507276507277
Gly_241,0.0
Gly_253,0.0
Gly_314,0.0
Gly_404,0.0
Gly_406,0.0
Gly_424,0.0
Gly_437,4.116424116424117
Gly_451,0.997920997920998
Gly_480,0.6860706860706861
Gly_500,0.35343035343035345
Gly_542,0.7900207900207901
Gly_544,3.305613305613306
Gly_551,0.02079002079002079
Gly_576,0.6652806652806653
Gly_622,0.18711018711018712
Gly_628,0.27027027027027023
Gly_691,0.0
Gly_723,0.02079002079002079
Gly_817,0.43659043659043667
Gly_85,0.0
Gly_91,0.10395010395010396
Gly_921,0.7692307692307693
Gly_934,0.31185031185031187
Gly_970,0.062370062370062374
His_1054,0.0
His_1085,0.8731808731808733
His_1197,5.841995841995843
His_1375,0.6237006237006237
His_139,0.0
His_147,0.16632016632016633
His_186,0.18711018711018712
His_199,0.2494802494802495
His_484,0.10395010395010396
His_620,1.0810810810810814
His_667,2.9313929313929314
His_775,0.0
His_897,0.14553014553014554
His_939,0.0
His_949,0.6444906444906445
His_950,0.5821205821205822
His_954,0.4781704781704782
Ile_1002,3.7006237006237006
Ile_1005,0.0
Ile_1023,0.18711018711018712
Ile_1027,0.4781704781704782
Ile_105,0.10395010395010396
Ile_1051,0.02079002079002079
Ile_1106,2.307692307692308
Ile_1109,0.9563409563409564
Ile_1117,0.0
Ile_1131,0.0
Ile_1139,0.2079002079002079
Ile_1151,0.16632016632016633
Ile_1167,0.0
Ile_119,3.866943866943867
Ile_1203,0.31185031185031187
Ile_121,2.0582120582120584
Ile_1226,0.0
Ile_1230,0.08316008316008316
Ile_1234,0.062370062370062374
Ile_125,0.22869022869022873
Ile_1269,1.2474012474012475
Ile_1277,1.8503118503118503
Ile_1289,0.2494802494802495
Ile_132,0.0
Ile_1328,0.0
Ile_1366,0.0
Ile_1398,0.0
Ile_1441,0.16632016632016633
Ile_1464,0.08316008316008316
Ile_148,0.39501039501039503
Ile_154,1.7463617463617467
Ile_160,0.04158004158004158
Ile_177,0.02079002079002079
Ile_255,0.2494802494802495
Ile_269,0.02079002079002079
Ile_285,1.4137214137214138
Ile_331,0.0
Ile_336,0.22869022869022873
Ile_340,0.0
Ile_344,0.0
Ile_37,0.0
Ile_371,1.8711018711018712
Ile_444,0.10395010395010396
Ile_448,0.0
Ile_471,1.9750519750519753
Ile_502,0.2494802494802495
Ile_506,0.0
Ile_507,0.22869022869022873
Ile_521,3.0353430353430353
Ile_530,0.0
Ile_539,0.997920997920998
Ile_546,0.12474012474012475
Ile_556,0.31185031185031187
Ile_601,0.16632016632016633
Ile_616,0.16632016632016638
Ile_618,1.704781704781705
Ile_661,0.12474012474012475
Ile_705,0.04158004158004158
Ile_708,0.37422037422037424
Ile_752,0.7692307692307693
Ile_755,0.35343035343035345
Ile_783,0.02079002079002079
Ile_807,0.14553014553014554
Ile_853,0.04158004158004158
Ile_86,0.0
Ile_907,0.0
Ile_918,0.08316008316008316
Ile_980,0.02079002079002079
Ile_982,0.0
Ile_991,0.0
Ile_995,0.9147609147609149
Leu_102,2.681912681912682
Leu_1029,0.08316008316008316
Leu_1065,0.2494802494802495
Leu_1077,0.0
Leu_1091,0.2494802494802495
Leu_1156,0.08316008316008316
Leu_1187,1.6839916839916838
Leu_1227,0.7276507276507277
Leu_1242,0.16632016632016633
Leu_1254,0.6029106029106029
Leu_1279,0.7692307692307693
Leu_130,2.0374220374220373
Leu_1304,0.43659043659043667
Leu_1335,0.22869022869022873
Leu_1339,0.2079002079002079
Leu_1346,0.16632016632016633
Leu_1361,0.02079002079002079
Leu_1369,1.7463617463617467
Leu_138,0.062370062370062374
Leu_1431,1.4137214137214138
Leu_1436,0.5405405405405405
Leu_1480,0.08316008316008316
Leu_15,0.04158004158004158
Leu_159,0.0
Leu_172,3.67983367983368
Leu_180,2.0582120582120584
Leu_183,0.8316008316008316
Leu_188,0.4781704781704782
Leu_206,2.7858627858627862
Leu_210,0.0
Leu_214,0.0
Leu_233,0.02079002079002079
Leu_24,0.5613305613305613
Leu_259,0.02079002079002079
Leu_293,0.8316008316008316
Leu_32,0.5821205821205822
Leu_320,0.14553014553014554
Leu_327,0.22869022869022868
Leu_333,0.08316008316008316
Leu_375,0.02079002079002079
Leu_387,0.12474012474012475
Leu_428,0.0
Leu_435,1.2266112266112268
Leu_441,0.0
Leu_467,1.247401247401248
Leu_49,0.22869022869022873
Leu_548,0.10395010395010396
Leu_558,0.08316008316008316
Leu_6,0.37422037422037424
Leu_610,1.1018711018711018
Leu_617,0.0
Leu_633,0.0
Leu_636,0.43659043659043667
Leu_73,0.7692307692307693
Leu_796,0.0
Leu_802,0.2494802494802495
Leu_859,0.0
Leu_88,0.0
Leu_889,0.0
Leu_926,0.0
Leu_948,0.0
Leu_964,0.2079002079002079
Leu_967,0.0
Leu_986,0.0
Leu_997,0.0
Lys_1041,0.0
Lys_1080,0.0
Lys_1165,0.0
Lys_1174,0.7484407484407485
Lys_1177,0.0
Lys_1183,0.4781704781704782
Lys_1199,0.4158004158004158
Lys_1200,0.0
Lys_1351,0.33264033264033266
Lys_1363,0.35343035343035345
Lys_14,0.0
Lys_1457,1.434511434511435
Lys_1461,0.10395010395010396
Lys_26,0.0
Lys_273,0.7484407484407485
Lys_283,0.9147609147609149
Lys_370,3.0977130977130978
Lys_411,0.498960498960499
Lys_447,0.0
Lys_52,1.0395010395010396
Lys_532,0.43659043659043667
Lys_536,0.8939708939708941
Lys_564,0.6029106029106029
Lys_64,1.0395010395010393
Lys_65,1.30977130977131
Lys_68,0.35343035343035345
Lys_684,1.2474012474012475
Lys_688,0.04158004158004158
Lys_786,0.8939708939708941
Lys_857,0.0
Lys_946,0.45738045738045746
Lys_951,0.04158004158004158
Lys_978,1.933471933471934
Met_1,1.455301455301456
Met_1028,0.39501039501039503
Met_1101,1.9334719334719335
Met_1137,0.7692307692307693
Met_1140,0.08316008316008316
Met_1157,4.345114345114346
Met_1191,3.5550935550935554
Met_1210,2.0166320166320166
Met_1354,2.7858627858627867
Met_142,0.498960498960499
Met_150,0.0
Met_152,0.12474012474012473
Met_156,1.8503118503118503
Met_212,0.062370062370062374
Met_243,0.04158004158004158
Met_244,0.2494802494802495
Met_265,0.5821205821205822
Met_281,0.08316008316008316
Met_348,0.0
Met_394,0.10395010395010396
Met_469,0.10395010395010396
Met_498,0.04158004158004158
Met_595,0.45738045738045746
Met_645,0.6029106029106029
Met_837,6.008316008316008
Met_952,0.0
Met_961,0.5613305613305613
Phe_1016,0.33264033264033266
Phe_1052,0.08316008316008316
Phe_1074,0.0
Phe_1090,0.4158004158004158
Phe_1099,0.31185031185031187
Phe_1111,0.0
Phe_1116,0.0
Phe_1257,0.02079002079002079
Phe_1300,0.04158004158004158
Phe_131,0.08316008316008316
Phe_1331,0.7484407484407485
Phe_1337,0.14553014553014554
Phe_1392,0.8316008316008316
Phe_1413,0.9147609147609149
Phe_1450,1.6008316008316008
Phe_17,0.2494802494802495
Phe_191,0.062370062370062374
Phe_200,0.062370062370062374
Phe_224,0.0
Phe_229,0.35343035343035345
Phe_236,1.1226611226611225
Phe_305,0.062370062370062374
Phe_310,2.3284823284823286
Phe_315,0.18711018711018712
Phe_316,0.6444906444906445
Phe_337,3.0145530145530146
Phe_400,1.7671517671517671
Phe_409,2.390852390852391
Phe_490,0.18711018711018712
Phe_508,0.18711018711018712
Phe_575,2.3284823284823286
Phe_587,0.9563409563409565
Phe_626,2.557172557172558
Phe_650,2.079002079002079
Phe_653,0.8316008316008316
Phe_693,0.39501039501039503
Phe_78,0.0
Phe_81,0.0
Phe_83,0.2494802494802495
Phe_834,0.0
Phe_87,0.0
Phe_976,0.498960498960499
Phe_992,0.16632016632016633
Phe_994,0.14553014553014554
Pro_1013,0.10395010395010396
Pro_1021,2.266112266112266
Pro_1050,0.24948024948024947
Pro_111,0.04158004158004158
Pro_1181,0.0
Pro_1290,3.8253638253638256
Pro_1306,0.4781704781704782
Pro_1372,0.04158004158004158
Pro_1378,0.35343035343035345
Pro_140,0.12474012474012475
Pro_1443,0.35343035343035345
Pro_205,0.0
Pro_355,0.0
Pro_439,1.9542619542619544
Pro_477,0.0
Pro_499,0.2494802494802495
Pro_5,0.9355509355509356
Pro_574,0.5405405405405405
Pro_638,0.5405405405405405
Pro_67,0.10395010395010396
Pro_676,5.987525987525988
Pro_704,0.0
Pro_718,0.6237006237006237
Pro_731,0.02079002079002079
Pro_740,0.9355509355509356
Pro_750,0.0
Pro_798,0.18711018711018712
Pro_888,0.0
Pro_936,0.0
Pro_960,0.0
Pro_99,0.39501039501039503
Ser_10,0.0
Ser_1049,0.02079002079002079
Ser_1118,0.02079002079002079
Ser_1159,0.04158004158004158
Ser_118,0.0
Ser_1188,0.0
Ser_1235,0.0
Ser_1248,0.0
Ser_1251,0.0
Ser_1255,1.995841995841996
Ser_1311,0.0
Ser_1347,0.0
Ser_1359,0.0
Ser_1362,0.0
Ser_138,0.7900207900207901
Ser_1426,0.0
Ser_1442,0.0
Ser_1444,0.0
Ser_1455,0.0
Ser_158,0.0
Ser_176,0.0
Ser_18,0.0
Ser_256,0.0
Ser_321,0.0
Ser_35,0.22869022869022873
Ser_4,0.0
Ser_42,0.0
Ser_431,0.0
Ser_459,0.0
Ser_466,0.0
Ser_485,0.0
Ser_492,0.0
Ser_495,0.0
Ser_519,0.0
Ser_549,0.2910602910602911
Ser_557,0.0
Ser_573,0.0
Ser_589,0.0
Ser_605,0.0
Ser_641,2.7027027027027026
Ser_654,0.0
Ser_686,0.0
Ser_707,2.4740124740124743
Ser_737,0.0
Ser_753,0.0
Ser_756,0.0
Ser_768,0.04158004158004158
Ser_776,0.0
Ser_821,0.0
Ser_877,0.0
Ser_895,0.0
Ser_898,0.0
Ser_911,0.062370062370062374
Ser_912,0.0
Ser_945,0.0
Ser_977,5.072765072765073
Ter_1481,0.0
Thr_1036,0.08316008316008316
Thr_1053,0.14553014553014557
Thr_1057,0.0
Thr_1086,0.33264033264033266
Thr_1171,0.0
Thr_1216,0.12474012474012475
Thr_1220,0.0
Thr_1246,0.0
Thr_1263,0.9563409563409565
Thr_1299,0.0
Thr_135,0.0
Thr_1380,0.0
Thr_1396,0.0
Thr_1478,0.04158004158004158
Thr_164,0.0
Thr_20,0.0
Thr_291,0.0
Thr_338,0.0
Thr_351,0.0
Thr_360,0.0
Thr_382,0.0
Thr_388,0.0
Thr_389,0.0
Thr_390,0.0
Thr_438,0.27027027027027023
Thr_465,0.0
Thr_547,0.0
Thr_582,0.0
Thr_599,0.0
Thr_629,0.0
Thr_690,0.0
Thr_757,0.0
Thr_760,0.18711018711018712
Thr_854,0.0
Thr_887,0.0
Thr_896,0.0
Thr_908,0.0
Thr_910,0.35343035343035345
Thr_925,0.0
Thr_94,0.0
Thr_990,3.991683991683992
Trp_1089,0.08316008316008316
Trp_1098,0.02079002079002079
Trp_1282,0.27027027027027023
Trp_1310,0.35343035343035345
Trp_216,0.10395010395010396
Trp_361,1.6216216216216217
Trp_401,0.2910602910602911
Trp_57,0.37422037422037424
Trp_79,2.5155925155925156
Tyr_1014,0.02079002079002079
Tyr_1032,0.02079002079002079
Tyr_109,0.5405405405405405
Tyr_1092,0.04158004158004158
Tyr_1182,0.0
Tyr_1219,2.993762993762994
Tyr_122,0.6029106029106029
Tyr_1307,0.35343035343035345
Tyr_1381,0.14553014553014557
Tyr_155,0.6652806652806653
Tyr_161,0.5613305613305613
Tyr_28,0.0
Tyr_301,0.0
Tyr_325,0.0
Tyr_38,0.0
Tyr_380,0.0
Tyr_515,0.0
Tyr_563,0.6444906444906445
Tyr_569,0.0
Tyr_577,0.0
Tyr_625,0.02079002079002079
Tyr_627,0.0
Tyr_84,0.0
Tyr_849,7.837837837837839
Tyr_89,0.0
Tyr_903,0.35343035343035345
Tyr_913,0.27027027027027023
Tyr_919,0.14553014553014554
Val_1001,0.04158004158004158
Val_1008,0.02079002079002079
Val_1022,0.062370062370062374
Val_11,0.997920997920998
Val_1108,4.781704781704781
Val_1114,0.0
Val_1147,0.10395010395010396
Val_1153,1.2266112266112268
Val_1163,1.5800415800415801
Val_1198,0.9771309771309772
Val_12,0.14553014553014554
Val_1240,0.27027027027027023
Val_1272,0.5613305613305613
Val_1288,0.4781704781704782
Val_1293,0.0
Val_1318,2.3700623700623704
Val_1322,0.7484407484407485
Val_1327,2.9729729729729732
Val_1379,1.3929313929313931
Val_1415,0.8523908523908525
Val_1421,0.062370062370062374
Val_1475,0.0
Val_171,1.4137214137214138
Val_201,0.5613305613305613
Val_208,0.0
Val_232,0.02079002079002079
Val_260,1.3513513513513513
Val_272,0.5405405405405405
Val_317,0.0
Val_322,0.0
Val_43,2.5363825363825363
Val_440,0.0
Val_456,1.85031185031185
Val_470,2.494802494802495
Val_510,0.0
Val_520,3.11850311850312
Val_540,1.7671517671517676
Val_562,0.02079002079002079
Val_603,0.14553014553014554
Val_714,0.04158004158004158
Val_754,0.6652806652806653
Val_769,1.6632016632016633
Val_794,0.18711018711018712
Val_855,0.0
Val_862,0.5197505197505198
Val_874,0.0
Val_905,1.1434511434511434
Val_915,0.16632016632016633
Val_920,2.9729729729729732
Val_922,0
Val_938,0
Val_944,0
Val_97,
